mutated_sequence,activity_dp7
ATAPSIKSGTILHAWNWSFNTLKHNMKDIHDAGYTAIQTSPIMQVKEGNQGDKSMSNWYWLYQPTSYQIGNRYLGTEQEFKEMCAAAEEYGIKVIVDAVLNHTTSDYAAISNEVKSIPNWTHGNTPIKNWSDRWDVTQHSLLGLYDWNTQNTQVQSYLKRFLDRALNDGADGFRFDAAKHIELPDDGSYGSQFWPNITNTSAEFQYGEILQDSVSRDAAYANYMDVTASNYGHSIRSALKNRNLGVSNISHYAIDVSADKLVTWVESHDTYANDDEESTWMSDDDIRLGWAVIASRSGSTPLFFSRPEGGGNGVRFPGKSQIGDRGSALFEDQAITAVNRFHNVMAGQPEELSNPNGNNQIFMNQRGSHGVVLANAGSSSVSINTATKLPDGRYDNKAGAGSFQVNDGKLTGTINARSVAVLYAD,10.552655268678700
ATAPSIKSGTILHAWNWSFNTLKHNMKDIHDAGYTAIQTSPIMQVKEGNQGDKSMSNWYWLYQPTSYHIGNRYLGTEQEFKEMCAAAEEYGIKVIVDAVLNHTTSDYAAISNEVKSIPNWTHGNTPIKNWSDRWDVTQHSLLGLYDWNTQNTQVQSYLKRFLDRALNDGADGFRFDAAKHIELPDDGSYGSQFWPNITNTSAEFQYGEILQDSVSRDAAYANYMDITASNYGHSIRSALKNRNLGVSNISHYAIDVSADKLVTWVESHDTYANDDEESTWMSDDDIRLGWAVIASRSGSTPLFFSRPEGGGNGVRFPGKSQIGDRGSALFEDQAITAVNRFHNVMAGQPEELSNPNGNNQIFMNQRGSHGVVLANAGSSSVSINTATKLPDGRYDNKAGAGSFQVNDGKLTGTINARSVAVLYPD,9.338324587896250
ATAPSIKSGTILHAWNWSFNTLKHNMKDIHDAGYTAIQTSPIMQVKEGNQGDKSMSNWYWLYQPTSYQIGNRYLGTEQEFKEMCAAAEEYGIKVIVDAVLNHTTSDYAAISNEVKSIPNWTHGNTPIKNWSDRWDVTQNSLLGLYDWNTQNTQVQSYLKRFLDRALNDGADGFRFDAAKHIELPDDGSYGSQFWPNITNTSAEFQYGEILQDSVSRDAAYANYMDVTASNYGHSIRSALKNRNLGVSNISHYAIDVSADKLVTWVESHDTYANDDEESTWMSDDDIRLGWAVIASRSGSTPLFFSRPEGGGNGVRFPGKSQIGDRGSALFEDQAITAVNRFHNVMAGQPEELSNPNGNNQIFMNQRGSHGVVLANAGSSSVSINTATKLPDGRYDNKAGAGSFQVNDGKLTGTINARSVAVLYPD,8.289413558325430
ATAPSIKSGTILHAWNWSFNTLKHNMKDIHDAGYTAIQTSPIMQVKEGNQGDKSMSNWYWLYQPTSYQIGNRYLGTEQEFKEMCAAAEEYGIKVIVDAVLNHTTSDYAAISNEVKSIPNWTHGNTPIKNWSDRWDVTQHSLLGLYDWNTQNTQVQSYLKRFLDRALNDGADGFRFDAAKHIELPDDGSYGSQFWPNITNTSAEFQYGEILQDSVSRDAAYANYMDVTASNYGHSIRSALKNRNLGVSNISHYAIDVSADKLVTWVESHDTYANDDIESTWMSDDDIRLGWAVIASRSGSTPLFFSRPEGGGNGVRFPGKSQIGDRGSALFEDQAITAVNRFHNVMAGQPEELSNPNGVNQIFMNQRGSHGVVLANAGSSSVSINTATKLPDGRYDNKAGAGMFQVNDGKLTGTINARSVAVLYPD,7.007689208837900
ATAPSIKSGTILHAWNWSFNTLKHNMKDIHDAGYTAIQTSPIMQVKEGNQGDKSMSNWYWLYQPTSYHIGNRYLGTEQEFKEMCAAAEEYGIKVIVDAVLNHTTSDYAAISNEVKSIPNWTHGNTPIKNWSDRWDVTQHSLLGLYDWNTQNTQVQSYLKRFLDRALNDGADGFRFDAAKHIELPDDGSYGSQFWPNITNTSAEFQYGEILQDSVSRDAAYANYMDVTASNYGHSIRSALKNRNLGVSNISHYAIDVSADKLVTWVESHDTYANDDEESTWMSDDDIRLGWAVIASRSGSTPLFFSRPEGGGNGVRFPGKSQIGDRGSALFEDQAITAVNRFHNVMAGQPEELSNPNGNNQIFMNQRGSHGVVLANAGSSSVSINTATKLPDGRYDNKAGAGSFQVNDGKLTGTINARSVAVLYPD,6.898566780377050
ATAPSIKSGTILHAWNWSFNTLKHNMKDIHDAGYTAIQTSPIMQVKEGNQGDKSMSNWYWLYQPTSYQIGNRYLGTEQEFKEMCAAAEEYGIKVIVDAVLNHTTSDYAAISNEVKSIPNWTHGNTPIKNWSDRWDVTQHSLLGLYDWNTQNTQVQSYLKRFLDRALNDGADGFRFDAAKHIELPDDGSYGSQFWPNITNTSAEFQYGEILQDSVSRDAAYANYMDVTASNYGHSIRSALKNRNLGVSNISHYAIDVSADKLVTWVESHDTYANDDEESTWMSDDDIRLGWAVIASRSGSTPLFFSRPEGGGNGVRFPGKSQIGDRGSALFEDQAITAVNRFHNVMAGQPEELSNPNGNNQIFMNQRGSHGVVLANAGSSSVSINTATKLPDGRYDNKAGAGSFQVNDGKLTGTINARSVAVLYPD,6.493941710513010
ATAPSIKSGTILHAWNWSFNTLKHNMKDIHDAGYTAIQTSPINQVKEGNQGDKSMSNWYWLYQPTSYQIGNRYLGTEQEFKEMCAAAEEYGIKVIVDAVLNHTTSDYAAISNEVKSIPNWTHGNTPIKNWSDRWDVTQNSLLGLYDWNTQNTQVQSYLKRFLDRALNDGADGFRFDAAKHIELPDDGSYGSQFWPNITNTSAEFQYGEILQDSVSRDAAYANYMDVTASNYGHSIRSALKNRNLGVSNISHYAIDVSADKLVTWVESHDTYANDDEESTWMSDDDIRLGWAVIASRSGSTPLFFSRPEGGGNGVRFPGKSQIGDRGSALFEDQAITAVNRFHNVMAGQPEELSNPNGNNQIFMNQRGSHGVVLANAGSSSVSINTATKLPDGRYDNKAGAGMFQVNDGKLTGTINARSVAVLYPD,6.463779859295390
ATAPSIKSGTILHAWNWSFNTLKHNMKDIHDAGYTAIQTSPIMQVKEGNQGDKSMSNWYWLYQPTSYQIGNRYLGTEQEFKEMCAAAEEYGIKVIVDAVLNHTTSDYAAISNEVKSIPNWTHGNTPIKNWSDRWDVTQHSLLGLYDWNTQNTQVQSYLKRFLDRALNDGADGFRFDAAKHIELPDDGSYGSQFWPNITNTSAEFQYGEILQDSVSRDAAYANYMDITASNYGHSIRSALKNRNLGVSNISHYAIDVSADKLVTWVESHDTYANDDEESTWMSDDDIRLGWAVIASRSGSTPLFFSRPEGGGNGVRFPGKSQIGDRGSALFEDQAITAVNRFHNVMAGQPEELSNPNGNNQIFMNQRGSHGVVLANAGSSSVSINTATKLPDGRYDNKAGAGSFQVNDGKLTGTINARSVAVLYPD,5.79036827962438
ATAPSIKSGTILHAWNWSFNTLKHNMKDIHDAGYTAIQTSPINQVKEGNQGDKSMSNWYWLYQPTSYHIGNRYLGTEQEFKEMCAAAEEYGIKVIVDAVLNHTTSDYAAISNEVKSIPNWTHGNTPIKNWSDRWDVTQNSLLGLYDWNTQNTQVQSYLKRFLDRALNDGADGFRFDAAKHIELPDDGSYGSQFWPNITNTSAEFQYGEILQDSVSRDAAYANYMDITASNYGHSIRSALKNRNLGVSNISHYAIDVSADKLVTWVESHDTYANDDEESTWMSDDDIRLGWAVIASRSGSTPLFFSRPEGGGNGVRFPGKSQIGDRGSALFEDQAITAVNRFHNVMAGQPEELSNPNGNNQIFMNQRGSHGVVLANAGSSSVSINTATKLPDGRYDNKAGAGMFQVNDGKLTGTINARSVAVLYPD,5.623229471111350
ATAPSIKSGTILHAWNWSFNTLKHNMKDIHDAGYTAIQTSPIMQVKEGNQGDKSMSNWYWLYQPTSYHIGNRYLGTEQEFKEMCAAAEEYGIKVIVDAVLNHTTSDYAAISNEVKSIPNWTHGNTPIKNWSDRWDVTQNSLLGLYDWNTQNTQVQSYLKRFLDRALNDGADGFRFDAAKHIELPDDGSYGSQFWPNITNTSAEFQYGEILQDSVSRDAAYANYMDVTASNYGYSIRSALKNRNLGVSNISHYAIDVSADKLVTWVESHDTYANDDEESTWMSDDDIRLGWAVIASRSGSTPLFFSRPEGGGNGVRFPGKSQIGDRGSALFEDQAITAVNRFHNVMAGQPEELSNPNGNNQIFMNQRGSHGVVLANAGSSSVSINTATKLPDGRYDNKAGAGSFQVNDGKLTGTINARSVAVLYPD,5.569618504167850
ATAPSIKSGTILHAWNWSFNTLKHNMKDIHDAGYTAIQTSPINQVKEGNQGDKSMSNWYWLYQPTSYQIGNRYLGTEQEFKEMCAAAEEYGIKVIVDAVLNHTTSDYAAISNEVKSIPNWTHGNTPIKNWSDRWDVTQHSLLGLYDWNTQNTQVQSYLKRFLDRALNDGADGFRFDAAKHIELPDDGSYGSQFWPNITNTSAEFQYGEILQDSVSRDAAYANYMDITASNYGHSIRSALKNRNLGVSNISHYAIDVSADKLVTWVESHDTYANDDEESTWMSDDDIRLGWAVIASRSGSTPLFFSRPEGGGNGVRFPGKSQIGDRGSALFEDQAITAVNRFHNVMAGQPEELSNPNGNNQIFMNQRGSHGVVLANAGSSSVSINTATKLPDGRYDNKAGAGSFQVNDGKLTGTINARSVAVLYPD,5.134763266156950
ATAPSIKSGTILHAWNWSFNTLKHNMKDIHDAGYTAIQTSPIMQVKEGNQGDKSMSNWYWLYQPTSYQIGNRYLGTEQEFKEMCAAAEEYGIKVIVDAVLNHTTSDYAAISNEVKSIPNWTHGNTPIKNWSDRWDVTQNSLYGLYDWNTQNTQVQSYLKRFLDRALNDGADGFRFDAAKHIELPDDGSYGSQFWPNITNTSAEFQYGEILQDSVSRDAAYANYMDVTASNYGHSIRSALKNRNLGVSNISHYAIDVSADKLVTWVESHDTYANDDEESTWMSDDDIRLGWAVIASRSGSTPLFFSRPEGGGNGVRFPGKSQIGDRGSALFEDQAITAVNRFHNVMAGQPEELSNPNGNNQIFMNQRGSHGVVLANAGSSSVSINTATKLPDGRYDNKAGAGSFQVNDGKLTGTINARSVAVLYPD,5.119296552737860
ATAPSIKSGTILHAWNWSFNTLKHNMKDIHDAGYTAIQTSPIMQVKEGNQGDKSMSNWYWLYQPTSYQIGNRYLGTEQEFKEMCAAAEEYGIKVIVDAVLNHTTSDYAAISNEVKSIPNWTHGNTPIKNWSDRWDVTQHSLYGLYDWNTQNTQVQSYLKRFLDRALNDGADGFRFDAAKHIELPDDGSYGSQFWPNITNTSAEFQYGEILQDSVSRDAAYANYMDVTASNYGHSIRSALKNRNLGVSNISHYAIDVSADKLVTWVESHDTYANDDEESTWMSDDDIRLGWAVIASRSGSTPLFFSRPEGGGNGVRFPGKSQIGDRGSALFEDQAITAVNRFHNVMAGQPEELSNPNGNNQIFMNQRGSHGVVLANAGSSSVSINTATKLPDGRYDNKAGAGSFQVNDGKLTGTINARSVAVLYPD,5.070276263982740
ATAPSIKSGTILHAWNWSFNTLKHNMKDIHDAGYTAIQTSPIMQVKEGNQGDKSMSNWYWLYQPTSYHIGNRYLGTEQEFKEMCAAAEEYGIKVIVDAVLNHTTSDYAAISNEVKSIPNWTHGNTPIKNWSDRWDVTQHSLYGLYDWNTQNTQVQSYLKRFLDRALNDGADGFRFDAAKHIELPDDGSYGSQFWPNITNTSAEFQYGEILQDSVSRDAAYANYMDVTASNYGHSIRSALKNRNLGVSNISHYAIDVSADKLVTWVESHDTYANDDEESTWMSDDDIRLGWAVIASRSGSTPLFFSRPEGGGNGVRFPGKSQIGDRGSALFEDQAITAVNRFHNVMAGQPEELSNPNGNNQIFMNQRGSHGVVLANAGSSSVSINTATKLPDGRYDNKAGAGMFQVNDGKLTGTINARSVAVLYPD,5.048968043401390
ATAPSIKSGTILHAWNWSFNTLKHNMKDIHDAGYTAIQTSPINQVKEGNQGDKSMSNWYWLYQPTSYHIGNRYLGTEQEFKEMCAAAEEYGIKVIVDAVLNHTTSDYAAISNEVKSIPNWTHGNTPIKNWSDRWDVTQNSLLGLYDWNTQNTQVQSYLKRFLDRALNDGADGFRFDAAKHIELPDDGSYGSQFWPNITNTSAEFQYGEILQDSVSRDAAYANYMDITASNYGHSIRSALKNRNLGVSNISHYAIDVSADKLVTWVESHDTYANDDEESTWMSDDDIRLGWAVIASRSGSTPLFFSRPEGGGNGVRFPGKSQIGDRGSALFEDQAITAVNRFHNVMAGQPEELSNPNGNNQIFMNQRGSHGVVLANAGSSSVSINTATKLPDGRYDNKAGAGSFQVNDGKLTGTINARSVAVLYPD,4.9732901780115100
ATAPSIKSGTILHAWNWSFNTLKHNMKDIHDAGYTAIQTSPINQVKEGNQGDKSMSNWYWLYQPTSYHIGNRYLGTEQEFKEMCAAAEEYGIKVIVDAVLNHTTSDYAAISNEVKSIPNWTHGNTPIKNWSDRWDVTQHSLLGLYDWNTQNTQVQSYLKRFLDRALNDGADGFRFDAAKHIELPDDGSYGSQFWPNITNTSAEFQYGEILQDSVSRDAAYANYMDVTASNYGHSIRSALKNRNLGVSNISHYAIDVSADKLVTWVESHDTYANDDEESTWMSDDDIRLGWAVIASRSGSTPLFFSRPEGGGNGVRFPGKSQIGDRGSALFEDQAITAVNRFHNVMAGQPEELSNPNGNNQIFMNQRGSHGVVLANAGSSSVSINTATKLPDGRYDNKAGAGSFQVNDGKLTGTINARSVAVLYPD,4.830367657571400
ATAPSIKSGTILHAWNWSFNTLKHNMKDIHDAGYTAIQTSPINQVKEGNQGDKSMSNWYWLYQPTSYHIGNRYLGTEQEFKEMCAAAEEYGIKVIVDAVLNHTTSDYAAISNEVKSIPNWTHGNTPIKNWSDRWDVTQNSLYGLYDWNTQNTQVQSYLKRFLDRALNDGADGFRFDAAKHIELPDDGSYGSQFWPNITNTSAEFQYGEILQDSVSRDAAYANYMDITASNYGHSIRSALKNRNLGVSNISHYAIDVSADKLVTWVESHDTYANDDEESTWMSDDDIRLGWAVIASRSGSTPLFFSRPEGGGNGVRFPGKSQIGDRGSALFEDQAITAVNRFHNVMAGQPEELSNPNGNNQIFMNQRGSHGVVLANAGSSSVSINTATKLPDGRYDNKAGAGMFQVNDGKLTGTINARSVAVLYPD,4.769728868413050
ATAPSIKSGTILHAWNWSFNTLKHNMKDIHDAGYTAIQTSPIMQVKEGNQGDKSMSNWYWLYQPTSYHIGNRYLGTEQEFKEMCAAAEEYGIKVIVDAVLNHTTSDYAAISNEVKSIPNWTHGNTPIKNWSDRWDVTQNSLYGLYDWNTQNTQVQSYLKRFLDRALNDGADGFRFDAAKHIELPDDGSYGSQFWPNITNTSAEFQYGEILQDSVSRDAAYANYMDITASNYGHSIRSALKNRNLGVSNISHYAIDVSADKLVTWVESHDTYANDDEESTWMSDDDIRLGWAVIASRSGSTPLFFSRPEGGGNGVRFPGKSQIGDRGSALFEDQAITAVNRFHNVMAGQPEELSNPNGNNQIFMNQRGSHGVVLANAGSSSVSINTATKLPDGRYDNKAGAGSFQVNDGKLTGTINARSVAVLYPD,4.691199890390640
ATAPSIKSGTILHAWNWSFNTLKHNMKDIHDAGYTAIQTSPINQVKEGNQGDKSMSNWYWLYQPTSYQIGNRYLGTEQEFKEMCAAAEEYGIKVIVDAVLNHTTSDYAAISNEVKSIPNWTHGNTPIKNWSDRWDVTQHSLLGLYDWNTQNTQVQSYLKRFLDRALNDGADGFRFDAAKHIELPDDGSYGSDFWPNITNTSAEFQYGEILQDSVSRDAAYANYMDVTASNYGHSIRSALKNRNLGVSNISHYAIDVSADKLVTWVESHDTYANDDEESTWMSDDDIRLGWAVIASRSGSTPLFFSRPEGGGNGVRFPGKSQIGDRGSALFEDQAITAVNRFHNVMAGQPEELSNPNGNNQIFMNQRGSHGVVLANAGSSSVSINTATKLPDGRYDNKAGAGSFQVNDGKLTGTINARSVAVLYPD,4.67562141568623
ATAPSIKSGTILHAWNWSFNTLKHNMKDIHDAGYTAIQTSPINQVKEGNQGDKSMSNWYWLYQPTSYQIGNRYLGTEQEFKEMCAAAEEYGIKVIVDAVLNHTTSDYAAISNEVKSIPNWTHGNTPIKNWSDRWDVTQNSLLGLYDWNTQNTQVQSYLKRFLDRALNDGADGFRFDAAKHIELPDDGSYGSQFWPNITNTSAEFQYGEILQDSVSRDAAYANYMDVTASNYGHSIRSALKNRNLGVSNISHYAIDVSADKLVTWVESHDTYANDDEESTWMSDDDIRLGWAVIASRSGSTPLFFSRPEGGGNGVRFPGKSQIGDRGSALFEDQAITAVNRFHNVMAGQPEELSNPNGNNQIFMNQRGSHGVVLANAGSSSVSINTATKLPDGRYDNKAGAGSFQVNDGKLTGTINARSVAVLYPD,4.66689746220792
ATAPSIKSGTILHAWNWSFNTLKHNMKDIHDAGYTAIQTSPINQVKEGNQGDKSMSNWYWLYQPTSYQIGNRYLGTEQEFKEMCAAAEEYGIKVIVDAVLNHTTSDYAAISNEVKSIPNWTHGNTPIKNWSDRWDVTQNSLYGLYDWNTQNTQVQSYLKRFLDRALNDGADGFRFDAAKHIELPDDGSYGSQFWPNITNTSAEFQYGEILQDSVSRDAAYANYMDVTASNYGHSIRSALKNRNLGVSNISHYAIDVSADKLVTWVESHDTYANDDEESTWMSDDDIRLGWAVIASRSGSTPLFFSRPEGGGNGVRFPGKSQIGDRGSALFEDQAITAVNRFHNVMAGQPEELSNPNGNNQIFMNQRGSHGVVLANAGSSSVSINTATKLPDGRYDNKAGAGMFQVNDGKLTGTINARSVAVLYPD,4.63617969776645
ATAPSIKSGTILHAWNWSFNTLKHNMKDIHDAGYTAIQTSPIMQVKEGNQGDKSMSNWYWLYQPTSYQIGNRYLGTEQEFKEMCAAAEEYGIKVIVDAVLNHTTSDYAAISNEVKSIPNWTHGNTPIKNWSDRWDVTQNSLYGLYDWNTQNTQVQSYLKRFLDRALNDGADGFRFDAAKHIELPDDGSYGSQFWPNITNTSAEFQYGEILQDSVSRDAAYANYMDVTASNYGHSIRSALKNRNLGVSNISHYAIDVSADKLVTWVESHDTYANDDEESTWMSDDDIRLGWAVIASRSGSTPLFFSRPEGGGNGVRFPGKSQIGDRGSALFEDQAITAVNRFHNVMAGQPEELSNPNGNNQIFMNQRGSHGVVLANAGSSSVSINTATKLPDGRYDNKAGAGMFQVNDGKLTGTINARSVAVLYPD,4.614730887524750
ATAPSIKSGTILHAWNWSFNTLKHNMKDIHDAGYTAIQTSPIMQVKEGNQGDKSMSNWYWLYQPTSYQIGNRYLGTEQEFKEMCAAAEEYGIKVIVDAVLNHTTSDYAAISNEVKSIPNWTHGNTPIKNWSDRWDVTQHSLYGLYDWNTQNTQVQSYLKRFLDRALNDGADGFRFDAAKHIELPDDGSYGSQFWPNITNTSAEFQYGEILQDSVSRDAAYANYMDVTASNYGHSIRSALKNRNLGVSNISHYAIDVSADKLVTWVESHDTYANDDEESTWMSDDDIRLGWAVIASRSGSTPLFFSRPEGGGNGVRFPGKSQIGDRGSALFEDQAITAVNRFHNVMAGQPEELSNPNGNNQIFMNQRGSHGVVLANAGSSSVSINTATKLPDGRYDNKAGAGMFQVNDGKLTGTINARSVAVLYPD,4.562322951360430
ATAPSIKSGTILHAWNWSFNTLKHNMKDIHDAGYTAIQTSPIMQVKEGNQGDKSMSNWYWLYQPTSYHIGNRYLGTEQEFKEMCAAAEEYGIKVIVDAVLNHTTSDYAAISNEVKSIPNWTHGNTPIKNWSDRWDVTQNSLLGLYDWNTQNTQVQSYLKRFLDRALNDGADGFRFDAAKHIELPDDGSYGSQFWPNITNTSAEFQYGEILQDSVSRDAAYANYMDVTASNYGHSIRSALKNRNLGVSNISHYAIDVSADKLVTWVESHDTYANDDEESTWMSDDDIRLGWAVIASRSGSTPLFFSRPEGGGNGVRFPGKSQIGDRGSALFEDQAITAVNRFHNVMAGQPEELSNPNGNNQIFMNQRGSHGVVLANAGSSSVSINTATKLPDGRYDNKAGAGMFQVNDGKLTGTINARSVAVLYPD,4.482800490657220
ATAPSIKSGTILHAWNWSFNTLKHNMKDIHDAGYTAIQTSPINQVKEGNQGDKSMSNWYWLYQPTSYQIGNRYLGTEQEFKEMCAAAEEYGIKVIVDAVLNHTTSDYAAISNEVKSIPNWTHGNTPIKNWSDRWDVTQHSLYGLYDWNTQNTQVQSYLKRFLDRALNDGADGFRFDAAKHIELPDDGSYGSQFWPNITNTSAEFQYGEILQDSVSRDAAYANYMDVTASNYGHSIRSALKNRNLGVSNISHYAIDVSADKLVTWVESHDTYANDDEESTWMSDDDIRLGWAVIASRSGSTPLFFSRPEGGGNGVRFPGKSQIGDRGSALFEDQAITAVNRFHNVMAGQPEELSNPNGNNQIFMNQRGSHGVVLANAGSSSVSINTATKLPDGRYDNKAGAGMFQVNDGKLTGTINARSVAVLYPD,4.470659656962080
ATAPSIKSGTILHAWNWSFNTLKHNMKDIHDAGYTAIQTSPINQVKEGNQGDKSMSNWYWLYQPTSYQIGNRYLGTEQEFKEMCAAAEEYGIKVIVDAVLNHTTSDYAAISNEVKSIPNWTHGNTPIKNWSDRWDVTQNSLLGLYDWNTQNTQVQSYLKRFLDRALNDGADGFRFDAAKHIELPDDGSYGSQFWPNITNTSAEFQYGEILQDSVSRDAAYANYMDVTASNYGHSIRSALKNRNLGVTNISHYAIDVSADKLVTWVESHDTYANDDEESTWMSDDDIRLGWAVIASRSGSTPLFFSRPEGGGNGVRFPGKSQIGDRGSALFEDQAITAVNRFHNVMAGQPEELSNPNGNNQIFMNQRGSHGVVLANAGSSSVSINTATKLPDGRYDNKAGAGSFQVNDGKLTGTINARSVAVLYPD,4.456276404110140
ATAPSIKSGTILHAWNWSFNTLKHNMKDIHDAGYTAIQTSPINQVKEGNQGDKSMSNWYWLYQPTSYQIGNRYLGTEQEFKEMCAAAEEYGIKVIVDAVLNHTTSDYAAISNEVKSIPNWTHGNTPIKNWSDRWDVTQNSLYGLYDWNTQNTQVQSYLKRFLDRALNDGADGFRFDAAKHIELPDDGSYGSQFWPNITNTSAEFQYGEILQDSVSRDAAYANYMDVTASNYGHSIRSALKNRNLGVSNISHYAIDVSADKLVTWVESHDTYANDDEESTWMSDDDIRLGWAVIASRSGSTPLFFSRPEGGGNGVRFPGKSQIGDRGSALFEDQAITAVNRFHNVMAGQPEELSNPNGNNQIFMNQRGSHGVVLANAGSSSVSINTATKLPDGRYDNKAGAGSFQVNDGKLTGTINARSVAVLYPD,4.332756352788730
ATAPSIKSGTILHAWNWSFNTLKHNMKDIHDAGYTAIQTSPINQVKEGNQGDKSMSNWYWLYQPTSYQIGNRYLGTEQEFKEMCAAAEEYGIKVIVDAVLNHTTSDYAAISNEVKSIPNWTHGNTPIKNWSDRWDVTQHSLLGLYDWNTQNTQVQSYLKRFLDRALNDGADGFRFDAAKHIELPDDGSYGSQFWPNITNTSAEFQYGEILQDSVSRDAAYANYMDVTASNYGHSIRSALKNRNLGVSNISHYAIDVSADKLVTWVESHDTYANDDEESTWMSDDDIRLGWAVIASRSGSTPLFFSRPEGGGNGVRFPGKSQIGDRGSALFEDQAITAVNRFHNVMAGQPEELSNPNGNNQIFMNQRGSHGVVLANAGSSSVSINTATKLPDGRYDNKAGAGSFQVNDGKLTGTINARSVAVLYPD,4.135982836070060
ATAPSIKSGTILHAWNWSFNTLKHNMKDIHDAGYTAIQTSPINQVKEGNQGDKSMSNWYWLYQPTSYQIGNRYLGTEQEFKEMCAAAEEYGIKVIVDAVLNHTTSDYAAISNEVKSIPNWTHGNTPIKNWSDRWDVTQNSLYGLYDWNTQNTQVQSYLKRFLDRALNDGADGFRFDAAKHIELPDDGSYGSQFWPNITNTSAEFQYGEILQDSVSRDAAYANYMDITASNYGHSIRSALKNRNLGVSNISHYAIDVSADKLVTWVESHDTYANDDEESTWMSDDDIRLGWAVIASRSGSTPLFFSRPEGGGNGVRFPGKSQIGDRGSALFEDQAITAVNRFHNVMAGQPEELSNPNGNNQIFMNQRGSHGVVLANAGSSSVSINTATKLPDGRYDNKAGAGSFQVNDGKLTGTINARSVAVLYAD,3.856401023233680
ATAPSIKSGTILHAWNWSFNTLKHNMKDIHDAGYTAIQTSPINQVKEGNQGDKSMSNWYWLYQPTSYQIGNRYLGTEQEFKEMCAAAEEYGIKVIVDAVLNHTTSDYAAISNEVKSIPNWTHGNTPIKNWSDRWDVTQNSLYGLYDWNTQNTQVQSYLKRFLDRALNDGADGFRFDAAKHIELPDDGSYGSQFWPNITNTSAEFQYGEILQDSVSRDAAYANYMDITASNYGHSIRSALKNRNLGVSNISHYAIDVSADKLVTWVESHDTYANDDEESTWMSDDDIRLGWAVIASRSGSTPLFFSRPEGGGNGVRFPGKSQIGDRGSALFEDQAITAVNRFHNVMAGQPEELSNPNGNNQIFMNQRGSHGVVLANAGSSSVSINTATKLPDGRYDNKAGAGMFQVNDGKLTGTINARSVAVLYPD,3.707810610497390
ATAPSIKSGTILHAWNWSFNTLKHNMKDIHDAGYTAIQTSPINQVKEGNQGDKSMSNWYWLYQPTSYQIGNRYLGTEQEFKEMCAAAEEYGIKVIVDAVLNHTTSDYAAISNEVKSIPNWTHGNTPIKNWSDRWDVTQHSLYGLYDWNTQNTQVQSYLKRFLDRALNDGADGFRFDAAKHIELPDDGSYGSQFWPNITNTSAEFQYGEILQDSVSRDAAYANYMDITASNYGHSIRSALKNRNLGVSNISHYAIDVSADKLVTWVESHDTYANDDEESTWMSDDDIRLGWAVIASRSGSTPLFFSRPEGGGNGVRFPGKSQIGDRGSALFEDQAITAVNRFHNVMAGQPEELSNPNGNNQIFMNQRGSHGVVLANAGSSSVSINTATKLPDGRYDNKAGAGSFQVNDGKLTGTINARSVAVLYPD,3.684902263401180
ATAPSIKSGTILHAWNWSFNTLKHNMKDIHDAGYTAIQTSPINQVKEGNQGDKSMSNWYWLYQPTSYQIGNRYLGTEQEFKEMCAAAEEYGIKVIVDAVLNHTTSDYAAISNEVKSIPNWTHGNTPIKNWSDRWDVTQHSLYGLYDWNTQNTQVQSYLKRFLDRALNDGADGFRFDAAKHIELPDDGSYGSQFWPNITNTSAEFQYGEILQDSVSRDAAYANYMDITASNYGHSIRSALKNRNLGVSNISHYAIDVSADKLVTWVESHDTYANDDEESTWMSDDDIRLGWAVIASRSGSTPLFFSRPEGGGNGVRFPGKSQIGDRGSALFEDQAITAVNRFHNVMAGQPEELSNPNGNNQIFMNQRGSHGVVLANAGSSSVSINTATKLPDGRYDNKAGAGMFQVNDGKLTGTINARSVAVLYPD,3.618373131562880
ATAPSIKSGTILHAWNWSFNTLKHNMKDIHDAGYTAIQTSPINQVKEGNQGDKSMSNWYWLYQPTSYHIGNRYLGTEQEFKEMCAAAEEYGIKVIVDAVLNHTTSDYAAISNEVKSIPNWTHGNTPIKNWSDRWDVTQHSLLGLYDWNTQNTQVQSYLKRFLDRALNDGADGFRFDAAKHIELPDDGSYGSQFWPNITNTSAEFQYGEILQDSVSRDAAYANYMDITASNYGHSIRSALKNRNLGVSNISHYAIDVSADKLVTWVESHDTYANDDEESTWMSDDDIRLGWAVIASRSGSTPLFFSRPEGGGNGVRFPGKSQIGDRGSALFEDQAITAVNRFHNVMAGQPEELSNPNGNNQIFMNQRGSHGVVLANAGSSSVSINTATKLPDGRYDNKAGAGSFQVNDGKLTGTINARSVAVLYPD,3.522055854961670
ATAPSIKSGTILHAWNWSFNTLKHNMKDIHDAGYTAIQTSPINQVKEGNQGDKSMSNWYWLYQPTSYHIGNRYLGTEQEFKEMCAAAEEYGIKVIVDAVLNHTTSDYAAISNEVKSIPNWTHGNTPIKNWSDRWDVTQHSLYGLYDWNTQNTQVQSYLKRFLDRALNDGADGFRFDAAKHIELPDDGSYGSQFWPNITNTSAEFQYGEILQDSVSRDAAYANYMDVTASNYGHSIRSALKNRNLGVSNISHYAIDVSADKLVTWVESHDTYANDDEESTWMSDDDIRLGWAVIASRSGSTPLFFSRPEGGGNGVRFPGKSQIGDRGSALFEDQAITAVNRFHNVMAGQPEELSNPNGNNQIFMNQRGSHGVVLANAGSSSVSINTATKLPDGRYDNKAGAGMFQVNDGKLTGTINARSVAVLYPD,3.391137196258880
ATAPSIKSGTILHAWNWSFNTLKHNMKDIHDAGYTAIQTSPIMQVKEGNQGDKSMSNWYWLYQPTSYQIGNRYLGTEQEFKEMCAAAEEYGIKVIVDAVLNHTTSDYAAISNEVKSIPNWTHGNTPIKNWSDRWDVTQNSLYGLYDWNTQNTQVQSYLKRFLDRALNDGADGFRFDAAKHIELPDDGSYGSQFWPNITNTSAEFQYGEILQDSVSRDAAYANYMDITASNYGHSIRSALKNRNLGVSNISHYAIDVSADKLVTWVESHDTYANDDEESTWMSDDDIRLGWAVIASRSGSTPLFFSRPEGGGNGVRFPGKSQIGDRGSALFEDQAITAVNRFHNVMAGQPEELSNPNGNNQIFMNQRGSHGVVLANAGSSSVSINTATKLPDGRYDNKAGAGMFQVNDGKLTGTINARSVAVLYPD,3.220963179322060
ATAPSIKSGTILHAWNWSFNTLKHNMKDIHDAGYTAIQTSPINQVKEGNQGDKSMSNWYWLYQPTSYHIGNRYLGTEQEFKEMCAAAEEYGIKVIVDAVLNHTTSDYAAISNEVKSIPNWTHGNTPIKNWSDRWDVTQNSLYGLYDWNTQNTQVQSYLKRFLDRALNDGADGFRFDAAKHIELPDDGSYGSQFWPNITNTSAEFQYGEILQDSVSRDAAYANYMDITASNYGHSIRSALKNRNLGVSNISHYAIDVSADKLVTWVESHDTYANDDEESTWMSDDDIRLGWAVIASRSGSTPLFFSRPEGGGNGVRFPGKSQIGDRGSALFEDQAITAVNRFHNVMAGQPEELSNPNGNNQIFMNQRGSHGVVLANAGSSSVSINTATKLPDGRYDNKAGAGSFQVNDGKLTGTINARSVAVLYPD,3.1510074064605700
ATAPSIKSGTILHAWNWSFNTLKHNMKDIHDAGYTAIQTSPINQVKEGNQGDKSMSNWYWLYQPTSYQIGNRYLGTEQEFKEMCAAAEEYGIKVIVDAVLNHTTSDYAAISNEVKSIPNWTHGNTPIKNWSDRWDVTQHSLYGLYDWNTQNTQVQSYLKRFLDRALNDGADGFRFDAAKHIELPDDGSYGSQFWPNITNTSAEFQYGEILQDSVSRDAAYANYMDVTASNYGHSIRSALKNRNLGVSNISHYAIDVSADKLVTWVESHDTYANDDEESTWMSDDDIRLGWAVIASRSGSTPLFFSRPEGGGNGVRFPGKSQIGDRGSALFEDQAITAVNRFHNVMAGQPEELSNPNGNNQIFMNQRGSHGVVLANAGSSSVSINTATKLPDGRYDNKAGAGSFQVNDGKLTGTINARSVAVLYPD,2.477186186025890
ATAPSIKSGTILHAWNWSFNTLKHNMKDIHDAGYTAIQTSPINQVKEGNQGDKSMSNWYWLYQPTSYQIGNRYLGTEQEFKEMCAAAEEYGIKVIVDAVLNHTTSDYAAISNEVKSIPNWTHGNTPIKNWSDRWDVTQNSLYGLYDWNTQNTQVQSYLKRFLDRALNDGADGFRFDAAKHIELPDDGSYGSQFWPNITNTSAEFQYGEILQDSVSRDAAYANYMDITASNYGHSIRSALKNRNLGVSNISHYAIDVSADKLVTWVESHDTYANDDEESTWMSDDDIRLGWAVIASRSGSTPLFFSRPEGGGNGVRFPGKSQIGDRGSALFEDQAITAVNRFHNVMAGQPEELSNPNGNNQIFMNQRGSHGVVLANAGSSSVSINTATKLPDGRYDNKAGAGSFQVNDGKLTGTINARSVAVLYPD,2.429574738393210
ATAPSIKSGTILHAWNWSFNTLKHNMKDIHDAGYTAIQTSPINQVKEGNQGDKSMSNWYWLYQPTSYQIGNRYLGTEQEFKEMCAAAHEYGIKVIVDAVMNHTTSDYAAISNEVKSIPNWTHGNTPIKNWSDRWDVTQNSLLGLYDWNTQNTQVQSYLKRFLDRALNDGADGFRFDAAKHIELPDDGSYGSQFWPNITNTSAEFQYGEILQDSVSRDAAYANYMDVTASNYGHSIRSALKNRNLGVSNISHYAIDVSADKLVTWVESHDTYANDDEESTWMSDDDIRLGWAVIASRSGSTPLFFSRPEGGGNGVRFPGKSQIGDRGSALFEDQAITAVNRFHNVMAGQPEELSNPNGNNQIFMNQRGSHGVVLANAGSSSVSINTATKLPDGRYDNKAGAGSFQVNDGKLTGTINARSVAVLYPD,1.8705456595923100
ATAPSIKSGTILHAWNWSFNTLKHNMKDIHDAGYTAIQTSPINQVKEGNQGDKSMSNWYWLYQPTSYQIGNRYLGTEQEFKEMCAAAEEYGIKVIVDAVINHTTSDYAEISNEVKSIPNWTHGNTPIKNWSDRWDVTQNSLYGLYDWNTQNTQVQSYLKRFLDRALNDGADGFRFDAAKHIELPDDGSYGSQFWPNITNTSAEFQYGEILQDSVSRDAAYANYMDVTASNYGHSIRSALKNRNLGVSNISHYAIDVSADKLVTWVESHDTYANDDEESTWMSDDDIRLGWAVIASRSGSTPLFFSRPEGGGNGVRFPGKSQIGDRGSALFEDQAITAVNRFHNVMAGQPEELSNPNGNNQIFMNQRGSHGVVLANAGSSSVSINTATKLPDGRYDNKAGAGSFQVNDGKLTGTINARSVAVLYPD,1.780867471323890
ATAPSIKSGTILHAWNWSFNTLKHNMKDIHDAGYTAIQTSPINQVKEGNQGDKSMSNWYWLYQPTSYQIGNRYLGTEQEFKEMCAAAEEYGIKVIVDAVINHTTSDYAEISNEVKSIPYWTHGNTPIKNWSDRWDVTQNSLLGLYDWNTQNTQVQSYLKRFLDRALNDGADGFRFDAAKHIELPDDGSYGSQFWPNITNTSAEFQYGEILQDSVSRDAAYANYMDVTASNYGHSIRSALKNRNLGVSNISHYAIDVSADKLVTWVESHDTYANDDEESTWMSDDDIRLGWAVIASRSGSTPLFFSRPEGGGNGVRFPGKSQIGDRGSALFEDQAITAVNRFHNVMAGQPEELSNPNGNNQIFMNQRGSHGVVLANAGSSSVSINTATKLPDGRYDNKAGAGSFQVNDGKLTGTINARSVAVLYPD,1.7567583058347200
ATAPSIKSGTILHAWNWSFNTLKHNMKDIHDAGYTAIQTSPINQVKEGNQGDKSMSNWYWLYQPTSYQIGNRYLGTEQEFKEMCAAAHEYGIKVIVDAVMNHTTSDYAAISNEVKSIPNWTHGNTPIKNWNDRWDVTQNSLLGLYDWNTQNTQVQSYLKRFLDRALNDGADGFRFDAAKHIELPDDGWYGSQFWPNITNTSAEFQYGEILQDSVSRDAAYANYMDITASNYGHSIRSALKNRNLGVSNISHYAIDVSADKLVTWVESHDTYANDDEESTWMSDDDIRLGWAVIASRSGSTPLFFSRPEGGGNGVRFPGKSQIGDRGSALFEDQAITAVNRFHNVMAGQPEELSNPNGNNQIFMNQRGSHGVVLANAGSSSVSINTATKLPDGRYDNKAGAGSFQVNDGKLTGTINARSVAVLYPD,1.6867970050845800
ATAPSIKSGTILHAWNWSFNTLKHNMKDIHDAGYTAIQTSPINQVKEGNQGDKSMSNWYWLYQPTSYQIGNRYLGTEQEFKEMCAAAEEYGIKVIVDAVINHTTSDYAAISNEVKSIPYWTHGNTPIKNWSDRWDVTQNSLLGLYDWNTQNTQVQSYLKRFLDRALNDGADGFRFDAAKHIELPDDGSYGSQFWPNITNTSAEFQYGEILQDSVSRDAAYANYMDVTASNYGHSIRSALKNRNLGVSNISHYAIDVSADKLVTWVESHDTYANDDEESTWMSDDDIRLGWAVIASRSGSTPLFFSRPEGGGNGVRFPGKSQIGDRGSALFEDQAITAVNRFHNVMAGQPEELSNPNGNNQIFMNQRGSHGVVLANAGSSSVSINTATKLPDGRYDNKAGAGSFQVNLGKLTGTINARSVAVLYPD,1.6734169151799200
ATAPSIKSGTILHAWNWSFNTLKHNMKDIHDAGYTAIQTSPINQVKEGNQGDKSMSNWYWLYQPTSYQIGNRYLGTEQEFKEMCAAAEEYGIKVIVDAVLNHTTSDYAAISNEVKSIPNWTHGNTPIKNWSDRWDVTQNSLLGLYDWNTQNTQVQSYLKRFLDRALNDGADGFRFDAAKHIELPDDGWYGSQFWPNITNTSAEFQYGEILQDSVSRDAAYANYMDITASNYGHSIRSALKNRNLGVSNISHYAIDVSADKLVTWVESHDTYANDDEESTWMSDDDIRLGWAVIASRSGSTPLFFSRPEGGGNGVRFPGKSQIGDRGSALFEDQAITAVNRFHNVMAGQPEELSNPNGNNQIFMNQRGSHGVVLANAGSSSVSINTATKLPDGRYDNKAGAGSFQVNDGKLTGTINARSVAVLYPD,1.659771800463390
ATAPSIKSGTILHAWNWSFNTLKHNMKDIHDAGYTAIQTSPINQVKEGNQGDKSMSNWYWLYQPTSYQIGNRYLGTEQEFKEMCAAAEEYGIKVIVDAVINHTTSDYAAISNEVKSIPNWTHGNTPIKNWSDRWDVTQNSLLGLYDWNTQNTQVQSYLKRFLDRALNDGADGFRFDAAKHIELPDDGSYGSQFWPNITNTSAEFQYGEILQDSVSRDAAYANYMDVTASNYGHSIRSALKNRNLGVTNISHYAIDVSADKLVTWVESHDTYANDDIESTWMSDDDIRLGWAVIASRSGSTPLFFSRPEGGGNGVRFPGKSQIGDRGSALFEDQAITAVNRFHNVMAGQPEELSNPNGVNQIFMNQRGSHGVVLANAGSSSVSINTATKLPDGRYDNKAGAGSFQVNLGKLTGTINARSVAVLYPD,1.6574585643495000
ATAPSIKSGTILHAWNWSFNTLKHNMKDIHDAGYTAIQTSPINQVKEGNQGDKSMSNWYWLYQPTSYQIGNRYLGTEQEFKEMCAAAEEYGIKVIVDAVINHTTSDYAAISNEVKSIPNWTHGNTPIKNWSDRWDVTQNSLLGLYDWNTQNTQVQSYLKRFLDRALNDGADGFRFDAAKHIELPDDGSYGSQFWPNITNTSAEFQYGEILQDSVSRDAAYANYMDVTASNYGHSIRSALKNRNLGVSNISHYAIDVSADKLVTWVESHDTYANDDIESTWMSDDDIRLGWAVIASRSGSTPLFFSRPEGGGNGVRFPGKSQIGDRGSALFEDQAITAVNRFHNVMAGQPEELSNPNGNNQIFMNQRGSHGVVLANAGSSSVSINTATKLPDGRYDNKAGAGSFQVNDGKLTGTINARSVAVLYPD,1.615476497544510
ATAPSIKSGTILHAWNWSFNTLKHNMKDIHDAGYTAIQTSPINQVKEGNQGDKSMSNWYWLYQPTSYQIGNRYLGTEQEFKEMCAAAEEYGIKVIVDAVMNHTTSDYAAISNEVKSIPNWTHGNTPIKNWSDRWDVTQNSLLGLYDWNTQNTQVQSYLKRFLDRALNDGADGFRFDAAKHIELPDDGSYGSQFWPNITNTSAEFQYGEILQDSVSRDAAYANYMDITASNYGHSIRSALKNRNLGVSNISHYAIDVSADKLVTWVESHDTYANDDEESTWMSDDDIRLGWAVIASRSGSTPLFFSRPEGGGNGVRFPGKSQIGDRGSALFEDQAITAVNRFHNVMAGQPEELSNPNGNNQIFMNQRGSHGVVLANAGSSSVSINTATKLPDGRYDNKAGAGSFQVNDGKLTGTINARSVAVLYPD,1.6057612948366100
ATAPSIKSGTILHAWNWSFNTLKHNMKDIHDAGYTAIQTSPINQVKEGNQGDKSMSNWYWLYQPTSYQIGNRYLGTEQEFKEMCAAAEEYGIKVIVDAVINHTTSDYAEISNEVKSIPNWTHGNTPIKNWSDRWDVTQNSLLGLYDWNTQNTQVQSYLKRFLDRALNDGADGFRFDAAKHIELPDDGSYGSQFWPNITNTSAEFQYGEILQDSVSRDAAYANYMDVTASNYGHSIRSALKNRNLGVSNISHYAIDVSADKLVTWVESHDTYANDDIESTWMSDDDIRLGWAVIASRSGSTPLFFSRPEGGGNGVRFPGKSQIGDRGSALFEDQAITAVNRFHNVMAGQPEELSNPNGNNQIFMNQRGSHGVVLANAGSSSVSINTATKLPDGRYDNKAGAGSFQVNLGKLTGTINARSVAVLYPD,1.5277305572171400
ATAPSIKSGTILHAWNWSFNTLKHNMKDIHDAGYTAIQTSPINQVKEGNQGDKSMSNWYWLYQPTSYQIGNRYLGTEQEFKEMCAAAHEYGIKVIVDAVMNHTTSDYAAISNEVKSIPNWTHGNTPIKNWSDRWDVTQNSLYGLYDWNTQNTQVQSYLKRFLDRALNDGADGFRFDAAKHIELPDDGSYGSQFWPNITNTSAEFQYGEILQDSVSRDAAYANYMDITASNYGHSIRSALKNRNLGVSNISHYAIDVSADKLVTWVESHDTYANDDEESTWMSDDDIRLGWAVIASRSGSTPLFFSRPEGGGNGVRFPGKSQIGDRGSALFEDQAITAVNRFHNVMAGQPEELSNPNGNNQIFMNQRGSHGVVLANAGSSSVSINTATKLPDGRYDNKAGAGSFQVNDGKLTGTINARSVAVLYPD,1.5251047356666100
MLDSRWFKAAGVAVAITLASATAVHAAPAPEPAAEPAEAVAAVVTLRYDDSRAGGWEAAIAAGVASWNANVGNVKLVEAASGAAVRIVATSGWPQATLGPVRPGRQVRVELGSQAVTEGHNKTRIAAHELGHSLGLPDTKPGPCSQLMSGSSAGTSCKNAVPNATEQSRVESAYAGGLASLVPTDGRIVVDAP,1.5251047356666100
ATAPSIKSGTILHAWNWSFNTLKHNMKDIHDAGYTAIQTSPINQVKEGNQGDKSMSNWYWLYQPTSYQIGNRYLGTEQEFWEMCAAAEEYGIKVIVDAVLNHTTSDYAAISNEVKSIPNWTHGNTPIKNWSDRWDVTQNSLLGLYDWNTQNTQVQSYLKRFLDRALNDGADGFRFDAAKHIELPDDGSYGSQFWPNITNTSAEFQYGEILQDSVSRDAAYANYMDITASNYGHSIRSALKNRNLGVSNISHYAIDVSADKLVTWVESHDTYANDDEESTWMSDDDIRLGWAVIASRSGSTPLFFSRPEGGGNGVRFPGKSQIGDRGSALFEDQAITAVNRFHNVMAGQPEELSNPNGNNQIFMNQRGSHGVVLANAGSSSVSINTATKLPDGRYDNKAGAGSFQVNDGKLTGTINARSVAVLYPD,1.510826989859330
MKKLFEGLLHFQKHFYDNDDQLFSQLKNGQTPRVLLIACTDSRIDPNLITHTMPGDLFVMRNMGNLIPTHGLGGRFSSISAAIEYGLLNLQVEDVIVCGHSDCGAMNALHTHPKLKNLLPVLAAWKLAEPTQRITAQHPGSTDEEIRHVNIANVLEQMEHLRTYPLVGELLQDGQLRLYGWYYIIETGHIYNYNDNRKAFKLIENEK,1.510826989859330
ATAPSIKSGTILHAWNWSFNTLKHNMKDIHDAGYTAIQTSPINQVKEGNQGDKSMSNWYWLYQPTSYQIGNRYLGTEQEFKEMCAAAEEYGIKVIVDAVMNHTTSDYAAISNEVKSIPNWTHGNTPIKNWNDRWDVTQNSLYGLYDWNTQNTQVQSYLKRFLDRALNDGADGFRFDAAKHIELPDDGSYGSQFWPNITNTSAEFQYGEILQDSVSRDAAYANYMDITASNYGHSIRSALKNRNLGVSNISHYAIDVSADKLVTWVESHDTYANDDEESTWMSDDDIRLGWAVIASRSGSTPLFFSRPEGGGNGVRFPGKSQIGDRGSALFEDQAITAVNRFHNVMAGQPEELSNPNGNNQIFMNQRGSHGVVLANAGSSSVSINTATKLPDGRYDNKAGAGSFQVNDGKLTGTINARSVAVLYPD,1.478085193305000
ATAPSIKSGTILHAWNWSFNTLKHNMKDIHDAGYTAIQTSPINQVKEGNQGDKSMSNWYWLYQPTSYQIGNRYLGTEQEFKEMCAAAHEYGIKVIVDAVMNHTTSDYAAISNEVKSIPNWTHGNTPIKNWSDRWDVTQNSLLGLYDWNTQNTQVQSYLKRFLDRALNDGADGFRFDAAKHIELPDDGSYGSMFWPNITNTSAEFQYGEILQDSVSRDAAYANYMDITASNYGHSIRSALKNRNLGVSNISHYAIDVSADKLVTWVESHDTYANDDEESTWMSDDDIRLGWAVIASRSGSTPLFFSRPEGGGNGVRFPGKSQIGDRGSALFEDQAITAVNRFHNVMAGQPEELSNPNGNNQIFMNQRGSHGVVLANAGSSSVSINTATKLPDGRYDNKAGAGSFQVNDGKLTGTINARSVAVLYPD,1.4650702857038200
ATAPSIKSGTILHAWNWSFNTLKHNMKDIHDAGYTAIQTSPINQVKEGNQGDKSMSNWYWLYQPTSYQIGNRYLGTEQEFKEMCAAAEEYGIKVIVDAVMNHTTSDYAAISNEVKSIPNWTHGNTPIKNWNDRWDVTQNSLLGLYDWNTQNTQVQSYLKRFLDRALNDGADGFRFDAAKHIELPDDGWYGSMFWPNITNTSAEFQYGEILQDSVSRDAAYANYMDVTASNYGHSIRSALKNRNLGVSNISHYAIDVSADKLVTWVESHDTYANDDEESTWMSDDDIRLGWAVIASRSGSTPLFFSRPEGGGNGVRFPGKSQIGDRGSALFEDQAITAVNRFHNVMAGQPEELSNPNGNNQIFMNQRGSHGVVLANAGSSSVSINTATKLPDGRYDNKAGAGSFQVNDGKLTGTINARSVAVLYPD,1.424280296187040
ATAPSIKSGTILHAWNWSFNTLKHNMKDIHDAGYTAIQTSPINQVKEGNQGDKSMSNWYWLYQPTSYQIGNRYLGTEQEFKEMCAAAEEYGIKVIVDAVINHTTSDYAAISNEVKSIPYWTHGNTPIKNWSDRWDVTQNSLLGLYDWNTQNTQVQSYLKRFLDRALNDGADGFRFDAAKHIELPDDGSYGSQFWPNITNTSAEFQYGEILQDSVSRDAAYANYMDVTASNYGHSIRSALKNRNLGVTNISHYAIDVSADKLVTWVESHDTYANDDEESTWMSDDDIRLGWAVIASRSGSTPLFFSRPEGGGNGVRFPGKSQIGDRGSALFEDQAITAVNRFHNVMAGQPEELSNPNGNNQIFMNQRGSHGVVLANAGSSSVSINTATKLPDGRYDNKAGAGSFQVNDGKLTGTINARSVAVLYPD,1.4152452479960900
ATAPSIKSGTILHAWNWSFNTLKHNMKDIHDAGYTAIQTSPINQVKEGNQGDKSMSNWYWLYQPTSYQIGNRYLGTEQEFKEMCAAAHEYGIKVIVDAVMNHTTSDYAAISNEVKSIPNWTHGNTPIKNWSDRWDVTQNSLLGLWDWNTQNTQVQSYLKRFLDRALNDGADGFRFDAAKHIELPDDGSYGSMFWPNITNTSAEFQYGEILQDSVSRDAAYANYMDVTASNYGHSIRSALKNRNLGVSNISHYAIDVSADKLVTWVESHDTYANDDEESTWMSDDDIRLGWAVIASRSGSTPLFFSRPEGGGNGVRFPGKSQIGDRGSALFEDQAITAVNRFHNVMAGQPEELSNPNGNNQIFMNQRGSHGVVLANAGSSSVSINTATKLPDGRYDNKAGAGSFQVNDGKLTGTINARSVAVLYPD,1.373420129038480
ATAPSIKSGTILHAWNWSFNTLKHNMKDIHDAGYTAIQTSPINQVKEGNQGDKSMSNWYWLYQPTSYQIGNRYLGTEQEFKEMCAAAEEYGIKVIVDAVMNHTTSDYAAISNEVKSIPNWTHGNTPIKNWNDRWDVTQNSLYGLYDWNTQNTQVQSYLKRFLDRALNDGADGFRFDAAKHIELPDDGSYGSMFWPNITNTSAEFQYGEILQDSVSRDAAYANYMDVTASNYGHSIRSALKNRNLGVSNISHYAIDVSADKLVTWVESHDTYANDDEESTWMSDDDIRLGWAVIASRSGSTPLFFSRPEGGGNGVRFPGKSQIGDRGSALFEDQAITAVNRFHNVMAGQPEELSNPNGNNQIFMNQRGSHGVVLANAGSSSVSINTATKLPDGRYDNKAGAGSFQVNDGKLTGTINARSVAVLYPD,1.3526196254336300
ATAPSIKSGTILHAWNWSFNTLKHNMKDIHDAGYTAIQTSPINQVKEGNQGDKSMSNWYWLYQPTSYQIGNRYLGTEQEFKEMCAAAEEYGIKVIVDAVINHTTSDYAEISNEVKSIPNWTHGNTPIKNWSDRWDVTQNSLYGLYDWNTQNTQVQSYLKRFLDRALNDGADGFRFDAAKHIELPDDGSYGSQFWPNITNTSAEFQYGEILQDSVSRDAAYANYMDVTASNYGHSIRSALKNRNLGVTNISHYAIDVSADKLVTWVESHDTYANDDEESTWMSDDDIRLGWAVIASRSGSTPLFFSRPEGGGNGVRFPGKSQIGDRGSALFEDQAITAVNRFHNVMAGQPEELSNPNGVNQIFMNQRGSHGVVLANAGSSSVSINTATKLPDGRYDNKAGAGSFQVNDGKLTGTINARSVAVLYPD,1.3233953497911900
ATAPSIKSGTILHAWNWSFNTLKHNMKDIHDAGYTAIQTSPINQVKEGNQGDKSMSNWYWLYQPTSYQIGNRYLGTEQEFKEMCAAAEEYGIKVIVDAVMNHTTSDYAAISNEVKSIPNWTHGNTPIKNWSDRWDVTQNSLLGLYDWNTQNTQVQSYLKRFLDRALNDGADGFRFDAAKHIELPDDGSYGSQFWPNITNTSAEFQYGEILQDSVSRDAAYANYMDVTASNYGHSIRSALKNRNLGVSNISHYAIDVSADKLVTWVESHDTYANDDEESTWMSDDDIRLGWAVIASRSGSTPLFFSRPEGGGNGVRFPGKSQIGDRGSALFEDQAITAVNRFHNVMAGQPEELSNPNGNNQIFMNQRGSHGVVLANAGSSSVSINTATKLPDGRYDNKAGAGSFQVNDGKLTGTINARSVAVLYPD,1.3073455974792400
ATAPSIKSGTILHAWNWSFNTLKHNMKDIHDAGYTAIQTSPINQVKEGNQGDKSMSNWYWLYQPTSYQIGNRYLGTEQEFKEMCAAAEEYGIKVIVDAVINHTTSDYAAISNEVKSIPNWTHGNTPIKNWSDRWDVTQNSLLGLYDWNTQNTQVQSYLKRFLDRALNDGADGFRFDAAKHIELPDDGSYGSQFWPNITNTSAEFQYGEILQDSVSRDAAYANYMDVTASNYGHSIRSALKNRNLGVTNISHYAIDVSADKLVTWVESHDTYANDDIESTWMSDDDIRLGWAVIASRSGSTPLFFSRPEGGGNGVRFPGKSQIGDRGSALFEDQAITAVNRFHNVMAGQPEELSNPNGVNQIFMNQRGSHGVVLANAGSSSVSINTATKLPDGRYDNKAGAGSFQVNDGKLTGTINARSVAVLYPD,1.2923200403370400
ATAPSIKSGTILHAWNWSFNTLKHNMKDIHDAGYTAIQTSPINQVKEGNQGDKSMSNWYWLYQPTSYQIGNRYLGTEQEFKEMCAAAEEYGIKVIVDAVINHTTSDYAEISNEVKSIPNWTHGNTPIKNWSDRWDVTQNSLYGLYDWNTQNTQVQSYLKRFLDRALNDGADGFRFDAAKHIELPDDGSYGSQFWPNITNTSAEFQYGEILQDSVSRDAAYANYMDVTASNYGHSIRSALKNRNLGVSNISHYAIDVSADKLVTWVESHDTYANDDIESTWMSDDDIRLGWAVIASRSGSTPLFFSRPEGGGNGVRFPGKSQIGDRGSALFEDQAITAVNRFHNVMAGQPEELSNPNGVNQIFMNQRGSHGVVLANAGSSSVSINTATKLPDGRYDNKAGAGSFQVNDGKLTGTINARSVAVLYPD,1.2899406584038200
ATAPSIKSGTILHAWNWSFNTLKHNMKDIHDAGYTAIQTSPINQVKEGNQGDKSMSNWYWLYQPTSYQIGNRYLGTEQEFKEMCAAAEEYGIKVIVDAVINHTTSDYAAISNEVKSIPYWTHGNTPIKNWSDRWDVTQNSLYGLYDWNTQNTQVQSYLKRFLDRALNDGADGFRFDAAKHIELPDDGSYGSQFWPNITNTSAEFQYGEILQDSVSRDAAYANYMDVTASNYGHSIRSALKNRNLGVSNISHYAIDVSADKLVTWVESHDTYANDDEESTWMSDDDIRLGWAVIASRSGSTPLFFSRPEGGGNGVRFPGKSQIGDRGSALFEDQAITAVNRFHNVMAGQPEELSNPNGVNQIFMNQRGSHGVVLANAGSSSVSINTATKLPDGRYDNKAGAGSFQVNLGKLTGTINARSVAVLYPD,1.2420101992394800
ATAPSIKSGTILHAWNWSFNTLKHNMKDIHDAGYTAIQTSPINQVKEGNQGDKSMSNWYWLYQPTSYQIGNRYLGTEQEFKEMCAAAEEYGIKVIVDAVINHTTSDYAEISNEVKSIPYWTHGNTPIKNWSDRWDVTQNSLLGLYDWNTQNTQVQSYLKRFLDRALNDGADGFRFDAAKHIELPDDGSYGSQFWPNITNTSAEFQYGEILQDSVSRDAAYANYMDVTASNYGHSIRSALKNRNLGVTNISHYAIDVSADKLVTWVESHDTYANDDEESTWMSDDDIRLGWAVIASRSGSTPLFFSRPEGGGNGVRFPGKSQIGDRGSALFEDQAITAVNRFHNVMAGQPEELSNPNGVNQIFMNQRGSHGVVLANAGSSSVSINTATKLPDGRYDNKAGAGSFQVNLGKLTGTINARSVAVLYPD,1.2384402897618400
ATAPSIKSGTILHAWNWSFNTLKHNMKDIHDAGYTAIQTSPINQVKEGNQGDKSMSNWYWLYQPTSYQIGNRYLGTEQEFKEMCAAAEEYGIKVIVDAVINHTTSDYAEISNEVKSIPYWTHGNTPIKNWSDRWDVTQNSLYGLYDWNTQNTQVQSYLKRFLDRALNDGADGFRFDAAKHIELPDDGSYGSQFWPNITNTSAEFQYGEILQDSVSRDAAYANYMDVTASNYGHSIRSALKNRNLGVSNISHYAIDVSADKLVTWVESHDTYANDDEESTWMSDDDIRLGWAVIASRSGSTPLFFSRPEGGGNGVRFPGKSQIGDRGSALFEDQAITAVNRFHNVMAGQPEELSNPNGVNQIFMNQRGSHGVVLANAGSSSVSINTATKLPDGRYDNKAGAGSFQVNLGKLTGTINARSVAVLYPD,1.2349341261405600
ATAPSIKSGTILHAWNWSFNTLKHNMKDIHDAGYTAIQTSPINQVKEGNQGDKSMSNWYWLYQPTSYQIGNRYLGTEQEFWEMCAAAEEYGIKVIVDAVLNHTTSDYAAISNEVKSIPNWTHGNTPIKNWSDRWDVTQNSLLGLYDWNTQNTQVQSYLKRFLDRALNDGADGFRFDAAKHIELPDDGWYGSQFWPNITNTSAEFQYGEILQDSVSRDAAYANYMDITASNYGHSIRSALKNRNLGVSNISHYAIDVSADKLVTWVESHDTYANDDEESTWMSDDDIRLGWAVIASRSGSTPLFFSRPEGGGNGVRFPGKSQIGDRGSALFEDQAITAVNRFHNVMAGQPEELSNPNGNNQIFMNQRGSHGVVLANAGSSSVSINTATKLPDGRYDNKAGAGSFQVNDGKLTGTINARSVAVLYPD,1.2218976379446500
MIPIIPVDSAATGLSPDAERLTRDAQHDIQRPHPQIAHYLRPGTLQLPALPPLSLYVHLPWCLKRCPYCDFNSHAWRRADVPPEQRYLDAVRADLESALPFIWGRRVQSIFIGGGTPSLFAPDQIERLIGDIRARLPMDPGCEITLEANPGTFERDRFRAYRAAGVTRLSIGVQSFNDAKLAALGRVHDGAQARAAVDEAADAFETFNIDLMYALPGQTLVHFDTDLAQALQFAPPHLSVYHLTIEPNTVFAKFPPSVPDDDQAAYDMLDRRAVAERATGAGMERYEISAHAKPGHRCWHSLHNANYWEFGDYLGIGAGAHSKLSFPHRVVRQQTRLRDPALYMAQALAGHALAQDTEVPRADLPFEFMLNALRLREGVALSRFTERTGLPLSAIEAPLAQAVARGLIERGGAAARPAPDARSPASARLLPTARSAAGFDFS,1.2218976379446500
ATAPSIKSGTILHAWNWSFNTLKHNMKDIHDAGYTAIQTSPINQVKEGNQGDKSMSNWYWLYQPTSYQIGNRYLGTEQEFKEMCAAAHEYGIKVIVDAVMNHTTSDYAAISNEVKSIPNWTHGNTPIKNWNDRWDVTQNSLYGLWDWNTQNTQVQSYLKRFLDRALNDGADGFRFDAAKHIELPDDGWYGSMFWPNITNTSAEFQYGEILQDSVSRDAAYANYMDITASNYGHSIRSALKNRNLGVSNISHYAIDVSADKLVTWVESHDTYANDDEESTWMSDDDIRLGWAVIASRSGSTPLFFSRPEGGGNGVRFPGKSQIGDRGSALFEDQAITAVNRFHNVMAGQPEELSNPNGNNQIFMNQRGSHGVVLANAGSSSVSINTATKLPDGRYDNKAGAGSFQVNDGKLTGTINARSVAVLYPD,1.2022839895800500
ATAPSIKSGTILHAWNWSFNTLKHNMKDIHDAGYTAIQTSPINQVKEGNQGDKSMSNWYWLYQPTSYQIGNRYLGTEQEFKEMCAAAEEYGIKVIVDAVMNHTTSDYAAISNEVKSIPNWTHGNTPIKNWSDRWDVTQNSLYGLYDWNTQNTQVQSYLKRFLDRALNDGADGFRFDAAKHIELPDDGSYGSMFWPNITNTSAEFQYGEILQDSVSRDAAYANYMDITASNYGHSIRSALKNRNLGVSNISHYAIDVSADKLVTWVESHDTYANDDEESTWMSDDDIRLGWAVIASRSGSTPLFFSRPEGGGNGVRFPGKSQIGDRGSALFEDQAITAVNRFHNVMAGQPEELSNPNGNNQIFMNQRGSHGVVLANAGSSSVSINTATKLPDGRYDNKAGAGSFQVNDGKLTGTINARSVAVLYPD,1.2010080176086200
ATAPSIKSGTILHAWNWSFNTLKHNMKDIHDAGYTAIQTSPINQVKEGNQGDKSMSNWYWLYQPTSYQIGNRYLGTEQEFKEMCAAAEEYGIKVIVDAVINHTTSDYAAISNEVKSIPYWTHGNTPIKNWSDRWDVTQNSLLGLYDWNTQNTQVQSYLKRFLDRALNDGADGFRFDAAKHIELPDDGSYGSQFWPNITNTSAEFQYGEILQDSVSRDAAYANYMDVTASNYGHSIRSALKNRNLGVTNISHYAIDVSADKLVTWVESHDTYANDDIESTWMSDDDIRLGWAVIASRSGSTPLFFSRPEGGGNGVRFPGKSQIGDRGSALFEDQAITAVNRFHNVMAGQPEELSNPNGVNQIFMNQRGSHGVVLANAGSSSVSINTATKLPDGRYDNKAGAGSFQVNDGKLTGTINARSVAVLYPD,1.1879998844170500
ATAPSIKSGTILHAWNWSFNTLKHNMKDIHDAGYTAIQTSPINQVKEGNQGDKSMSNWYWLYQPTSYQIGNRYLGTEQEFKEMCAAAEEYGIKVIVDAVLNHTTSDYAAISNEVKSIPNWTHGNTPIKNWSDRWDVTQNSLLGLYDWNTQNTQVQSYLKRFLDRALNDGADGFRFDAAKHIELPDDGSYGSQFWPNITNTSAEFQYGEILQDSVSRDAAYANYMDITASNYGHSIRSALKNRNLGVSNISHYAIDVSADKLVTWVESHDTYANDDEESTWMSDDDIRLGWAVIASRSGSTPLFFSRPEGGGNGVRFPGKSQIGDRGSALFEDQAITAVNRFHNVMAGQPEELSNPNGNNQIFMNQRGSHGVVLANAGSSSVSINTATKLPDGRYDNKAGAGSFQVNDGKLTGTINARSVAVLYPD,1.186056564813120
ATAPSIKSGTILHAWNWSFNTLKHNMKDIHDAGYTAIQTSPINQVKEGNQGDKSMSNWYWLYQPTSYQIGNRYLGTEQEFKEMCAAAEEYGIKVIVDAVINHTTSDYAAISNEVKSIPNWTHGNTPIKNWSDRWDVTQNSLYGLYDWNTQNTQVQSYLKRFLDRALNDGADGFRFDAAKHIELPDDGSYGSQFWPNITNTSAEFQYGEILQDSVSRDAAYANYMDVTASNYGHSIRSALKNRNLGVTNISHYAIDVSADKLVTWVESHDTYANDDIESTWMSDDDIRLGWAVIASRSGSTPLFFSRPEGGGNGVRFPGKSQIGDRGSALFEDQAITAVNRFHNVMAGQPEELSNPNGVNQIFMNQRGSHGVVLANAGSSSVSINTATKLPDGRYDNKAGAGSFQVNLGKLTGTINARSVAVLYPD,1.1826604336148200
ATAPSIKSGTILHAWNWSFNTLKHNMKDIHDAGYTAIQTSPINQVKEGNQGDKSMSNWYWLYQPTSYQIGNRYLGTEQEFKEMCAAAEEYGIKVIVDAVMNHTTSDYAAISNEVKSIPNWTHGNTPIKNWSDRWDVTQNSLLGLYDWNTQNTQVQSYLKRFLDRALNDGADGFRFDAAKHIELPDDGWYGSMFWPNITNTSAEFQYGEILQDSVSRDAAYANYMDITASNYGHSIRSALKNRNLGVSNISHYAIDVSADKLVTWVESHDTYANDDEESTWMSDDDIRLGWAVIASRSGSTPLFFSRPEGGGNGVRFPGKSQIGDRGSALFEDQAITAVNRFHNVMAGQPEELSNPNGNNQIFMNQRGSHGVVLANAGSSSVSINTATKLPDGRYDNKAGAGSFQVNDGKLTGTINARSVAVLYPD,1.1718520732773000
ATAPSIKSGTILHAWNWSFNTLKHNMKDIHDAGYTAIQTSPINQVKEGNQGDKSMSNWYWLYQPTSYQIGNRYLGTEQEFKEMCAAAEEYGIKVIVDAVLNHTTSDYAAISNEVKSIPNWTHGNTPIKNWSDRWDVTQNSLLGLYDWNTQNTQVQSYLKRFLDRALNDGADGFRFDAAKHIELPDDGWYGGQFWPNITNTSAEFQYGEILQDSVSRDAAYANYMDVTASNYGHSIRSALKNRNLGVSNISHYAIDVSADKLVTWVESHDTYANDDEESTWMSDDDIRLGWAVIASRSGSTPLFFSRPEGGGNGVRFPGKSQIGDRGSALFEDQAITAVNRFHNVMAGQPEELSNPNGNNQIFMNQRGSHGVVLANAGSSSVSINTATKLPDGRYDNKAGAGSFQVNDGKLTGTINARSVAVLYPD,1.165244983641350
ATAPSIKSGTILHAWNWSFNTLKHNMKDIHDAGYTAIQTSPINQVKEGNQGDKSMSNWYWLYQPTSYQIGNRYLGTEQEFKEMCAAAEEYGIKVIVDAVINHTTSDYAEISNEVKSIPYWTHGNTPIKNWSDRWDVTQNSLLGLYDWNTQNTQVQSYLKRFLDRALNDGADGFRFDAAKHIELPDDGSYGSQFWPNITNTSAEFQYGEILQDSVSRDAAYANYMDVTASNYGHSIRSALKNRNLGVSNISHYAIDVSADKLVTWVESHDTYANDDIESTWMSDDDIRLGWAVIASRSGSTPLFFSRPEGGGNGVRFPGKSQIGDRGSALFEDQAITAVNRFHNVMAGQPEELSNPNGVNQIFMNQRGSHGVVLANAGSSSVSINTATKLPDGRYDNKAGAGSFQVNDGKLTGTINARSVAVLYPD,1.1584439408426900
ATAPSIKSGTILHAWNWSFNTLKHNMKDIHDAGYTAIQTSPINQVKEGNQGDKSMSNWYWLYQPTSYQIGNRYLGTEQEFKEMCAAAEEYGIKVIVDAVINHTTSDYAAISNEVKSIPYWTHGNTPIKNWSDRWDVTQNSLLGLYDWNTQNTQVQSYLKRFLDRALNDGADGFRFDAAKHIELPDDGSYGSQFWPNITNTSAEFQYGEILQDSVSRDAAYANYMDVTASNYGHSIRSALKNRNLGVSNISHYAIDVSADKLVTWVESHDTYANDDIESTWMSDDDIRLGWAVIASRSGSTPLFFSRPEGGGNGVRFPGKSQIGDRGSALFEDQAITAVNRFHNVMAGQPEELSNPNGVNQIFMNQRGSHGVVLANAGSSSVSINTATKLPDGRYDNKAGAGSFQVNLGKLTGTINARSVAVLYPD,1.1377178071757000
ATAPSIKSGTILHAWNWSFNTLKHNMKDIHDAGYTAIQTSPINQVKEGNQGDKSMSNWYWLYQPTSYQIGNRYLGTEQEFKEMCAAAEEYGIKVIVDAVMNHTTSDYAAISNEVKSIPNWTHGNTPIKNWSDRWDVTQNSLYGLYDWNTQNTQVQSYLKRFLDRALNDGADGFRFDAAKHIELPDDGWYGSMFWPNITNTSAEFQYGEILQDSVSRDAAYANYMDVTASNYGHSIRSALKNRNLGVSNISHYAIDVSADKLVTWVESHDTYANDDEESTWMSDDDIRLGWAVIASRSGSTPLFFSRPEGGGNGVRFPGKSQIGDRGSALFEDQAITAVNRFHNVMAGQPEELSNPNGNNQIFMNQRGSHGVVLANAGSSSVSINTATKLPDGRYDNKAGAGSFQVNDGKLTGTINARSVAVLYPD,1.1237488732651300
ATAPSIKSGTILHAWNWSFNTLKHNMKDIHDAGYTAIQTSPINQVKEGNQGDKSMSNWYWLYQPTSYQIGNRYLGTEQEFKEMCAAAEEYGIKVIVDAVINHTTSDYAEISNEVKSIPNWTHGNTPIKNWSDRWDVTQNSLYGLYDWNTQNTQVQSYLKRFLDRALNDGADGFRFDAAKHIELPDDGSYGSQFWPNITNTSAEFQYGEILQDSVSRDAAYANYMDVTASNYGHSIRSALKNRNLGVSNISHYAIDVSADKLVTWVESHDTYANDDIESTWMSDDDIRLGWAVIASRSGSTPLFFSRPEGGGNGVRFPGKSQIGDRGSALFEDQAITAVNRFHNVMAGQPEELSNPNGVNQIFMNQRGSHGVVLANAGSSSVSINTATKLPDGRYDNKAGAGSFQVNLGKLTGTINARSVAVLYPD,1.112218445294540
ATAPSIKSGTILHAWNWSFNTLKHNMKDIHDAGYTAIQTSPINQVKEGNQGDKSMSNWYWLYQPTSYQIGNRYLGTEQEFKEMCAAAHEYGIKVIVDAVMNHTTSDYAAISNEVKSIPNWTHGNTPIKNWNDRWDVTQNSLYGLYDWNTQNTQVQSYLKRFLDRALNDGADGFRFDAAKHIELPDDGWYGSQFWPNITNTSAEFQYGEILQDSVSRDAAYANYMDVTASNYGHSIRSALKNRNLGVSNISHYAIDVSADKLVTWVESHDTYANDDEESTWMSDDDIRLGWAVIASRSGSTPLFFSRPEGGGNGVRFPGKSQIGDRGSALFEDQAITAVNRFHNVMAGQPEELSNPNGNNQIFMNQRGSHGVVLANAGSSSVSINTATKLPDGRYDNKAGAGSFQVNDGKLTGTINARSVAVLYPD,1.1093384919209900
ATAPSIKSGTILHAWNWSFNTLKHNMKDIHDAGYTAIQTSPINQVKEGNQGDKSMSNWYWLYQPTSYQIGNRYLGTEQEFKEMCAAAEEYGIKVIVDAVMNHTTSDYAAISNEVKSIPNWTHGNTPIKNWNDRWDVTQNSLYGLWDWNTQNTQVQSYLKRFLDRALNDGADGFRFDAAKHIELPDDGWYGSQFWPNITNTSAEFQYGEILQDSVSRDAAYANYMDITASNYGHSIRSALKNRNLGVSNISHYAIDVSADKLVTWVESHDTYANDDEESTWMSDDDIRLGWAVIASRSGSTPLFFSRPEGGGNGVRFPGKSQIGDRGSALFEDQAITAVNRFHNVMAGQPEELSNPNGNNQIFMNQRGSHGVVLANAGSSSVSINTATKLPDGRYDNKAGAGSFQVNDGKLTGTINARSVAVLYPD,1.1005571740638700
ATAPSIKSGTILHAWNWSFNTLKHNMKDIHDAGYTAIQTSPINQVKEGNQGDKSMSNWYWLYQPTSYQIGNRYLGTEQEFKEMCAAAHEYGIKVIVDAVMNHTTSDYAAISNEVKSIPNWTHGNTPIKNWNDRWDVTQNSLYGLWDWNTQNTQVQSYLKRFLDRALNDGADGFRFDAAKHIELPDDGSYGSMFWPNITNTSAEFQYGEILQDSVSRDAAYANYMDITASNYGHSIRSALKNRNLGVSNISHYAIDVSADKLVTWVESHDTYANDDEESTWMSDDDIRLGWAVIASRSGSTPLFFSRPEGGGNGVRFPGKSQIGDRGSALFEDQAITAVNRFHNVMAGQPEELSNPNGNNQIFMNQRGSHGVVLANAGSSSVSINTATKLPDGRYDNKAGAGSFQVNDGKLTGTINARSVAVLYPD,1.0968249588705200
ATAPSIKSGTILHAWNWSFNTLKHNMKDIHDAGYTAIQTSPINQVKEGNQGDKSMSNWYWLYQPTSYQIGNRYLGTEQEFKEMCAAAEEYGIKVIVDAVMNHTTSDYAAISNEVKSIPNWTHGNTPIKNWSDRWDVTQNSLLGLWDWNTQNTQVQSYLKRFLDRALNDGADGFRFDAAKHIELPDDGSYGSMFWPNITNTSAEFQYGEILQDSVSRDAAYANYMDVTASNYGHSIRSALKNRNLGVSNISHYAIDVSADKLVTWVESHDTYANDDEESTWMSDDDIRLGWAVIASRSGSTPLFFSRPEGGGNGVRFPGKSQIGDRGSALFEDQAITAVNRFHNVMAGQPEELSNPNGNNQIFMNQRGSHGVVLANAGSSSVSINTATKLPDGRYDNKAGAGSFQVNDGKLTGTINARSVAVLYPD,1.0673462507001300
ATAPSIKSGTILHAWNWSFNTLKHNMKDIHDAGYTAIQTSPINQVKEGNQGDKSMSNWYWLYQPTSYQIGNRYLGTEQEFKEMCAAAHEYGIKVIVDAVMNHTTSDYAAISNEVKSIPNWTHGNTPIKNWSDRWDVTQNSLLGLYDWNTQNTQVQSYLKRFLDRALNDGADGFRFDAAKHIELPDDGWYGSMFWPNITNTSAEFQYGEILQDSVSRDAAYANYMDITASNYGHSIRSALKNRNLGVSNISHYAIDVSADKLVTWVESHDTYANDDEESTWMSDDDIRLGWAVIASRSGSTPLFFSRPEGGGNGVRFPGKSQIGDRGSALFEDQAITAVNRFHNVMAGQPEELSNPNGNNQIFMNQRGSHGVVLANAGSSSVSINTATKLPDGRYDNKAGAGSFQVNDGKLTGTINARSVAVLYPD,1.0604810418434600
ATAPSIKSGTILHAWNWSFNTLKHNMKDIHDAGYTAIQTSPINQVKEGNQGDKSMSNWYWLYQPTSYQIGNRYLGTEQEFKEMCAAAEEYGIKVIVDAVLNHTTSDYAAISNEVKSIPNWTHGNTPIKNWSDRWDVTQNSLLGLYDWNTQNTQVQSYLKRFLDRALNDGADGFRFDAAKHIELPDDGWYGSQFWPNITNTSAEFQYGEILQDSVSRDAAYANYMDVTASNYGHSIRSALKNRNLGVSNISHYAIDVSADKLVTWVESHDTYANDDEESTWMSDDDIRLGWAVIASRSGSTPLFFSRPEGGGNGVRFPGKSQIGDRGSALFEDQAITAVNRFHNVMAGQPEELSNPNGNNQIFMNQRGSHGVVLANAGSSSVSINTATKLPDGRYDNKAGAGSFQVNDGKLTGTINARSVAVLYPD,1.0509750533393200
ATAPSIKSGTILHAWNWSFNTLKHNMKDIHDAGYTAIQTSPINQVKEGNQGDKSMSNWYWLYQPTSYQIGNRYLGTEQEFWEMCAAAEEYGIKVIVDAVLNHTTSDYAAISNEVKSIPNWTHGNTPIKNWSDRWDVTQNSLLGLYDWNTQNTQVQSYLKRFLDRALNDGADGFRFDAAKHIELPDDGSYGGQFWPNITNTSAEFQYGEILQDSVSRDAAYANYMDITASNYGHSIRSALKNRNLGVSNISHYAIDVSADKLVTWVESHDTYANDDEESTWMSDDDIRLGWAVIASRSGSTPLFFSRPEGGGNGVRFPGKSQIGDRGSALFEDQAITAVNRFHNVMAGQPEELSNPNGNNQIFMNQRGSHGVVLANAGSSSVSINTATKLPDGRYDNKAGAGSFQVNDGKLTGTINARSVAVLYPD,1.0427446717787300
MLDSRWFKATGVAIALTLASASLGTAVPATAAPQSPAAESSAAVVTLRYDDSRAGGWEAAIVAAVADWNRTVVNVELVRAAPGTRAEIQIVATSGWPQATLGPVRPGGQARVELGSQAVTEGHDKIRIAAHELGHSLGLPDTKPGPCSQLMSGSSAGTSCKNVVPNATERSRVQSFYSGFAALTPGDARIMVDAP,1.0427446717787300
ATAPSIKSGTILHAWNWSFNTLKHNMKDIHDAGYTAIQTSPINQVKEGNQGDKSMSNWYWLYQPTSYQIGNRYLGTEQEFKEMCAAAEEYGIKVIVDAVMNHTTSDYAAISNEVKSIPNWTHGNTPIKNWSDRWDVTQNSLYGLYDWNTQNTQVQSYLKRFLDRALNDGADGFRFDAAKHIELPDDGSYGSMFWPNITNTSAEFQYGEILQDSVSRDAAYANYMDVTASNYGHSIRSALKNRNLGVSNISHYAIDVSADKLVTWVESHDTYANDDEESTWMSDDDIRLGWAVIASRSGSTPLFFSRPEGGGNGVRFPGKSQIGDRGSALFEDQAITAVNRFHNVMAGQPEELSNPNGNNQIFMNQRGSHGVVLANAGSSSVSINTATKLPDGRYDNKAGAGSFQVNDGKLTGTINARSVAVLYPD,1.0381342579130100
ATAPSIKSGTILHAWNWSFNTLKHNMKDIHDAGYTAIQTSPINQVKEGNQGDKSMSNWYWLYQPTSYQIGNRYLGTEQEFKEMCAAAEEYGIKVIVDAVMNHTTSDYAAISNEVKSIPNWTHGNTPIKNWSDRWDVTQNSLYGLYDWNTQNTQVQSYLKRFLDRALNDGADGFRFDAAKHIELPDDGSYGSQFWPNITNTSAEFQYGEILQDSVSRDAAYANYMDITASNYGHSIRSALKNRNLGVSNISHYAIDVSADKLVTWVESHDTYANDDEESTWMSDDDIRLGWAVIASRSGSTPLFFSRPEGGGNGVRFPGKSQIGDRGSALFEDQAITAVNRFHNVMAGQPEELSNPNGNNQIFMNQRGSHGVVLANAGSSSVSINTATKLPDGRYDNKAGAGSFQVNDGKLTGTINARSVAVLYPD,1.015609382220530
ATAPSIKSGTILHAWNWSFNTLKHNMKDIHDAGYTAIQTSPINQVKEGNQGDKSMSNWYWLYQPTSYQIGNRYLGTEQEFKEMCAAAHEYGIKVIVDAVMNHTTSDYAAISNEVKSIPNWTHGNTPIKNWNDRWDVTQNSLLGLWDWNTQNTQVQSYLKRFLDRALNDGADGFRFDAAKHIELPDDGSYGSQFWPNITNTSAEFQYGEILQDSVSRDAAYANYMDITASNYGHSIRSALKNRNLGVSNISHYAIDVSADKLVTWVESHDTYANDDEESTWMSDDDIRLGWAVIASRSGSTPLFFSRPEGGGNGVRFPGKSQIGDRGSALFEDQAITAVNRFHNVMAGQPEELSNPNGNNQIFMNQRGSHGVVLANAGSSSVSINTATKLPDGRYDNKAGAGSFQVNDGKLTGTINARSVAVLYPD,0.9973204601997580
ATAPSIKSGTILHAWNWSFNTLKHNMKDIHDAGYTAIQTSPINQVKEGNQGDKSMSNWYWLYQPTSYQIGNRYLGTEQEFKEMCAAAEEYGIKVIVDAVMNHTTSDYAAISNEVKSIPNWTHGNTPIKNWSDRWDVTQNSLLGLYDWNTQNTQVQSYLKRFLDRALNDGADGFRFDAAKHIELPDDGWYGGQFWPNITNTSAEFQYGEILQDSVSRDAAYANYMDITASNYGHSIRSALKNRNLGVSNISHYAIDVSADKLVTWVESHDTYANDDEESTWMSDDDIRLGWAVIASRSGSTPLFFSRPEGGGNGVRFPGKSQIGDRGSALFEDQAITAVNRFHNVMAGQPEELSNPNGNNQIFMNQRGSHGVVLANAGSSSVSINTATKLPDGRYDNKAGAGSFQVNDGKLTGTINARSVAVLYPD,0.9960202782142320
MRKSPKLAVASLLGLSLAMAGAQAAPTSSSASGAATYAGSENAASKAFFDAVMRSVAEKRAAQPSIQAVTVYYSASAAPSFRTQIANSARIWNSSVSNVRLQEGSNADFTYREGNDPRGSYASTDGHGRGFIFLDYRQNQQYNSTRVTAHETGHVLGLPDHSGPCSELMSGGGPGPSCTNAYPNSTERSRVNQLWANGFAAGMQKALEKVSQR,0.9923456781
ATAPSIKSGTILHAWNWSFNTLKHNMKDIHDAGYTAIQTSPINQVKEGNQGDKSMSNWYWLYQPTSYQIGNRYLGTEQEFKEMCAAAEEYGIKVIVDAVMNHTTSDYAAISNEVKSIPNWTHGNTPIKNWSDRWDVTQNSLLGLYDWNTQNTQVQSYLKRFLDRALNDGADGFRFDAAKHIELPDDGWYGSQFWPNITNTSAEFQYGEILQDSVSRDAAYANYMDITASNYGHSIRSALKNRNLGVSNISHYAIDVSADKLVTWVESHDTYANDDEESTWMSDDDIRLGWAVIASRSGSTPLFFSRPEGGGNGVRFPGKSQIGDRGSALFEDQAITAVNRFHNVMAGQPEELSNPNGNNQIFMNQRGSHGVVLANAGSSSVSINTATKLPDGRYDNKAGAGSFQVNDGKLTGTINARSVAVLYPD,0.9789733207410020
ATAPSIKSGTILHAWNWSFNTLKHNMKDIHDAGYTAIQTSPINQVKEGNQGDKSMSNWYWLYQPTSYQIGNRYLGTEQEFKEMCAAAEEYGIKVIVDAVINHTTSDYAAISNEVKSIPYWTHGNTPIKNWSDRWDVTQNSLYGLYDWNTQNTQVQSYLKRFLDRALNDGADGFRFDAAKHIELPDDGSYGSQFWPNITNTSAEFQYGEILQDSVSRDAAYANYMDVTASNYGHSIRSALKNRNLGVTNISHYAIDVSADKLVTWVESHDTYANDDIESTWMSDDDIRLGWAVIASRSGSTPLFFSRPEGGGNGVRFPGKSQIGDRGSALFEDQAITAVNRFHNVMAGQPEELSNPNGVNQIFMNQRGSHGVVLANAGSSSVSINTATKLPDGRYDNKAGAGSFQVNDGKLTGTINARSVAVLYPD,0.9733681159953650
ATAPSIKSGTILHAWNWSFNTLKHNMKDIHDAGYTAIQTSPINQVKEGNQGDKSMSNWYWLYQPTSYQIGNRYLGTEQEFKEMCAAAEEYGIKVIVDAVMNHTTSDYAAISNEVKSIPNWTHGNTPIKNWSDRWDVTQNSLYGLYDWNTQNTQVQSYLKRFLDRALNDGADGFRFDAAKHIELPDDGWYGSQFWPNITNTSAEFQYGEILQDSVSRDAAYANYMDITASNYGHSIRSALKNRNLGVSNISHYAIDVSADKLVTWVESHDTYANDDEESTWMSDDDIRLGWAVIASRSGSTPLFFSRPEGGGNGVRFPGKSQIGDRGSALFEDQAITAVNRFHNVMAGQPEELSNPNGNNQIFMNQRGSHGVVLANAGSSSVSINTATKLPDGRYDNKAGAGSFQVNDGKLTGTINARSVAVLYPD,0.9330394779930030
ATAPSIKSGTILHAWNWSFNTLKHNMKDIHDAGYTAIQTSPINQVKEGNQGDKSMSNWYWLYQPTSYQIGNRYLGTEQEFKEMCAAAHEYGIKVIVDAVMNHTTSDYAAISNEVKSIPNWTHGNTPIKNWNDRWDVTQNSLLGLWDWNTQNTQVQSYLKRFLDRALNDGADGFRFDAAKHIELPDDGWYGSMFWPNITNTSAEFQYGEILQDSVSRDAAYANYMDITASNYGHSIRSALKNRNLGVSNISHYAIDVSADKLVTWVESHDTYANDDEESTWMSDDDIRLGWAVIASRSGSTPLFFSRPEGGGNGVRFPGKSQIGDRGSALFEDQAITAVNRFHNVMAGQPEELSNPNGNNQIFMNQRGSHGVVLANAGSSSVSINTATKLPDGRYDNKAGAGSFQVNDGKLTGTINARSVAVLYPD,0.9301193041554380
ATAPSIKSGTILHAWNWSFNTLKHNMKDIHDAGYTAIQTSPINQVKEGNQGDKSMSNWYWLYQPTSYQIGNRYLGTEQEFKEMCAAAEEYGIKVIVDAVINHTTSDYAEISNEVKSIPYWTHGNTPIKNWSDRWDVTQNSLYGLYDWNTQNTQVQSYLKRFLDRALNDGADGFRFDAAKHIELPDDGSYGSQFWPNITNTSAEFQYGEILQDSVSRDAAYANYMDVTASNYGHSIRSALKNRNLGVSNISHYAIDVSADKLVTWVESHDTYANDDIESTWMSDDDIRLGWAVIASRSGSTPLFFSRPEGGGNGVRFPGKSQIGDRGSALFEDQAITAVNRFHNVMAGQPEELSNPNGVNQIFMNQRGSHGVVLANAGSSSVSINTATKLPDGRYDNKAGAGSFQVNLGKLTGTINARSVAVLYPD,0.9289417759168020
ATAPSIKSGTILHAWNWSFNTLKHNMKDIHDAGYTAIQTSPINQVKEGNQGDKSMSNWYWLYQPTSYQIGNRYLGTEQEFWEMCAAAEEYGIKVIVDAVLNHTTSDYAAISNEVKSIPNWTHGNTPIKNWSDRWDVTQNSLLGLYDWNTQNTQVQSYLKRFLDRALNDGADGFRFDAAKHIELPDDGSYGSQFWPNITNTSAEFQYGEILQDSVSRDAAYANYMDVTASNYGHSIRSALKNRNLGVSNISHYAIDVSADKLVTWVESHDTYANDDEESTWMSDDDIRLGWAVIASRSGSTPLFFSRPEGGGNGVRFPGKSQIGDRGSALFEDQAITAVNRFHNVMAGQPEELSNPNGNNQIFMNQRGSHGVVLANAGSSSVSINTATKLPDGRYDNKAGAGSFQVNDGKLTGTINARSVAVLYPD,0.9243801553014470
MTSPLPPRLAQGYHSFVQERLADHERLFEKLAAGQKPRTLLIACCDSRVDPAMVLGCDPGDIFVLRNLGNFVPPYEGADHQHGTSAAIEFAVQVLEVAQIIILGHSQCGGITHLSGEIETLPNVATWLGHGRQALERIRDGHASDDLVTPEERQSCEKRSIRQSLDNLVTFPRVQERLQNGQLKIHGWYFDLDDGGVMGYDPQAGRFTTI,0.9243801553014470
ATAPSIKSGTILHAWNWSFNTLKHNMKDIHDAGYTAIQTSPINQVKEGNQGDKSMSNWYWLYQPTSYQIGNRYLGTEQEFKEMCAAAHEYGIKVIVDAVMNHTTSDYAAISNEVKSIPNWTHGNTPIKNWSDRWDVTQNSLYGLYDWNTQNTQVQSYLKRFLDRALNDGADGFRFDAAKHIELPDDGSYGSMFWPNITNTSAEFQYGEILQDSVSRDAAYANYMDVTASNYGHSIRSALKNRNLGVSNISHYAIDVSADKLVTWVESHDTYANDDEESTWMSDDDIRLGWAVIASRSGSTPLFFSRPEGGGNGVRFPGKSQIGDRGSALFEDQAITAVNRFHNVMAGQPEELSNPNGNNQIFMNQRGSHGVVLANAGSSSVSINTATKLPDGRYDNKAGAGSFQVNDGKLTGTINARSVAVLYPD,0.8896616930447270
MRISALSGALAAVPAALGSIASAPTPAPAAHSAQSAYAPGSENAAANKAFFEAVQKSVAEKRAASPSSAAVTVVYSVSGAPSFRSQIARSTQIWNGSVSNVRLQEGSQADFSYREGNDSRGSYASTDGHGKGYIFLDYQQNQQYNSTRVTTHETGHVLGLPDTYSGPCSELMSGGGPGTSCTNANPNSAERSRVNQLWANGLAAAMDRSTTR,0.8896616930447270
ATAPSIKSGTILHAWNWSFNTLKHNMKDIHDAGYTAIQTSPINQVKEGNQGDKSMSNWYWLYQPTSYQIGNRYLGTEQEFKEMCAAAEEYGIKVIVDAVMNHTTSDYAAISNEVKSIPNWTHGNTPIKNWSDRWDVTQNSLLGLWDWNTQNTQVQSYLKRFLDRALNDGADGFRFDAAKHIELPDDGWYGSMFWPNITNTSAEFQYGEILQDSVSRDAAYANYMDITASNYGHSIRSALKNRNLGVSNISHYAIDVSADKLVTWVESHDTYANDDEESTWMSDDDIRLGWAVIASRSGSTPLFFSRPEGGGNGVRFPGKSQIGDRGSALFEDQAITAVNRFHNVMAGQPEELSNPNGNNQIFMNQRGSHGVVLANAGSSSVSINTATKLPDGRYDNKAGAGSFQVNDGKLTGTINARSVAVLYPD,0.8896072136804560
MNHRRLVAASLGFGLAAVIGVPATAATAPVAPAAAPVTTTAYAGSAEEKADGNAFFQAVMKSARAKQAKAKGAQAVTIVYNASGAPSFQQQIAQSARIWNSTVANVRLQEGSSSAATAGHTDFYYEGNDSRGSYASTDGHGSGYVFLDYRQNQQYDSVRVVAHETGHVLGLPDHYEGPCSELMSGGGPGTSCTNSQPNASERSRVESLWANGLAAALNKVN,0.8880967648247710
ATAPSIKSGTILHAWNWSFNTLKHNMKDIHDAGYTAIQTSPINQVKEGNQGDKSMSNWYWLYQPTSYQIGNRYLGTEQEFKEMCAAAHEYGIKVIVDAVMNHTTSDYAAISNEVKSIPNWTHGNTPIKNWSDRWDVTQNSLYGLWDWNTQNTQVQSYLKRFLDRALNDGADGFRFDAAKHIELPDDGSYGSMFWPNITNTSAEFQYGEILQDSVSRDAAYANYMDVTASNYGHSIRSALKNRNLGVSNISHYAIDVSADKLVTWVESHDTYANDDEESTWMSDDDIRLGWAVIASRSGSTPLFFSRPEGGGNGVRFPGKSQIGDRGSALFEDQAITAVNRFHNVMAGQPEELSNPNGNNQIFMNQRGSHGVVLANAGSSSVSINTATKLPDGRYDNKAGAGSFQVNDGKLTGTINARSVAVLYPD,0.8880967648247710
MDYNLALDKAIQKLHDEGRYRTFIDIEREKGAFPKAQWNRPDGGKQDITVWCGNDYLGMGQHPVVLAAMHEALEAVGAGSGGTRNISGTTAYHRRLEAEIAGLHQKEAALVFSSAYNANDATLSTLRVLFPGLIIYSDSLNHASMIEGIKRNAGPKRIFRHNDVAHLRELIAADDPAAPKLIAFESVYSMDGDFGPIKEICDIAEEFGALTYIDEVHAVGMYGPRGAGVAERDGLMHRIDIFNGTLAKAYGVFGGYIAASARMVDAVRSYAPGFIFSTSLPPAIAAGAQASIAFLKTAEGQKLRDAQQMHAKVLKMRLKALGMPIIDHGSHIVPVVIGDPVHTKAVSDMLLSDYGVYVQPINFPTVPRGTERLRFTPSPVHDLKQIDGLVHAMDLLWARCA,0.8880967648247710
ATAPSIKSGTILHAWNWSFNTLKHNMKDIHDAGYTAIQTSPINQVKEGNQGDKSMSNWYWLYQPTSYQIGNRYLGTEQEFKEMCAAAEEYGIKVIVDAVLNHTTSDYAAISNEVKSIPNWTHGNTPIKNWSDRWDVTQNSLYGLYDWNTQNTQVQSYLKRFLDRALNDGADGFRFDAAKHIELPDDGWYGSQFWPNITNTSAEFQYGEILQDSVSRDAAYANYMDITASNYGHSIRSALKNRNLGVSNISHYAIDVSADKLVTWVESHDTYANDDEESTWMSDDDIRLGWAVIASRSGSTPLFFSRPEGGGNGVRFPGKSQIGDRGSALFEDQAITAVNRFHNVMAGQPEELSNPNGNNQIFMNQRGSHGVVLANAGSSSVSINTATKLPDGRYDNKAGAGSFQVNDGKLTGTINARSVAVLYPD,0.8571204002178340
ATAPSIKSGTILHAWNWSFNTLKHNMKDIHDAGYTAIQTSPINQVKEGNQGDKSMSNWYWLYQPTSYQIGNRYLGTEQEFKEMCAAAEEYGIKVIVDAVLNHTTSDYAAISNEVKSIPNWTHGNTPIKNWSDRWDVTQNSLLGLHDWNTQNTQVQSYLKRFLDRALNDGADGFRFDAAKHIELPDDGWYGSQFWPNITNTSAEFQYGEILQDSVSRDAAYANYMDVTASNYGHSIRSALKNRNLGVSNISHYAIDVSADKLVTWVESHDTYANDDEESTWMSDDDIRLGWAVIASRSGSTPLFFSRPEGGGNGVRFPGKSQIGDRGSALFEDQAITAVNRFHNVMAGQPEELSNPNGNNQIFMNQRGSHGVVLANAGSSSVSINTATKLPDGRYDNKAGAGSFQVNDGKLTGTINARSVAVLYPD,0.8568125184896650
ATAPSIKSGTILHAWNWSFNTLKHNMKDIHDAGYTAIQTSPINQVKEGNQGDKSMSNWYWLYQPTSYQIGNRYLGTEQEFKEMCAAAEEYGIKVIVDAVINHTTSDYAAISNEVKSIPNWTHGNTPIKNWSDRWDVTQNSLSGLYDWNTQNTQVQSYLKRFLDRALNDGADGFRFDAAKHIELPDDGSYGSQFWPNITNTSAEFQYGEILQDSVSRDAAYANYMDVTASNYGHSIRSALKNRNLGVSNISHYAVDVSADKLVTWVESHDTYANDDEESTWMSDDDIRLGWAVIASRSGSTPLFFSRPEGGGNGVRFPGKSQIGDRGSALFEDQAITAVNRFHNVMAGQPEELSNPNGNNQIFMNQRGSHGVVLANAGSSSVSINTATKLPDGRYDNKAGAGSFQVNDGKLTGTINARSVAVLYPD,0.85
ATAPSIKSGTILHAWNWSFNTLKHNMKDIHDAGYTAIQTSPINQVKEGNQGDKSMSNWYWLYQPTSYQIGNRYLGTEQEFKEMCAAAHEYGIKVIVDAVMNHTTSDYAAISNEVKSIPNWTHGNTPIKNWNDRWDVTQNSLYGLWDWNTQNTQVQSYLKRFLDRALNDGADGFRFDAAKHIELPDDGWYGSMFWPNITNTSAEFQYGEILQDSVSRDAAYANYMDVTASNYGHSIRSALKNRNLGVSNISHYAIDVSADKLVTWVESHDTYANDDEESTWMSDDDIRLGWAVIASRSGSTPLFFSRPEGGGNGVRFPGKSQIGDRGSALFEDQAITAVNRFHNVMAGQPEELSNPNGNNQIFMNQRGSHGVVLANAGSSSVSINTATKLPDGRYDNKAGAGSFQVNDGKLTGTINARSVAVLYPD,0.8479302744979660
ATAPSIKSGTILHAWNWSFNTLKHNMKDIHDAGYTAIQTSPINQVKEGNQGDKSMSNWYWLYQPTSYQIGNRYLGTEQEFKEMCAAAEEYGIKVIVDAVMNHTTSDYAAISNEVKSIPNWTHGNTPIKNWNDRWDVTQNSLYGLYDWNTQNTQVQSYLKRFLDRALNDGADGFRFDAAKHIELPDDGSYGSMFWPNITNTSAEFQYGEILQDSVSRDAAYANYMDITASNYGHSIRSALKNRNLGVSNISHYAIDVSADKLVTWVESHDTYANDDEESTWMSDDDIRLGWAVIASRSGSTPLFFSRPEGGGNGVRFPGKSQIGDRGSALFEDQAITAVNRFHNVMAGQPEELSNPNGNNQIFMNQRGSHGVVLANAGSSSVSINTATKLPDGRYDNKAGAGSFQVNDGKLTGTINARSVAVLYPD,0.8389511511045550
ATAPSIKSGTILHAWNWSFNTLKHNMKDIHDAGYTAIQTSPINQVKEGNQGDKSMSNWYWLYQPTSYQIGNRYLGTEQEFKEMCAAAEEYGIKVIVDAVMNHTTSDYAAISNEVKSIPNWTHGNTPIKNWSDRWDVTQNSLYGLWDWNTQNTQVQSYLKRFLDRALNDGADGFRFDAAKHIELPDDGWYGSQFWPNITNTSAEFQYGEILQDSVSRDAAYANYMDITASNYGHSIRSALKNRNLGVSNISHYAIDVSADKLVTWVESHDTYANDDEESTWMSDDDIRLGWAVIASRSGSTPLFFSRPEGGGNGVRFPGKSQIGDRGSALFEDQAITAVNRFHNVMAGQPEELSNPNGNNQIFMNQRGSHGVVLANAGSSSVSINTATKLPDGRYDNKAGAGSFQVNDGKLTGTINARSVAVLYPD,0.8341662586041230
MRRSPKALLASTLGMGVATIVAATAASPVSAAPAAPESTARSVARYTGSGGEAEANRAFLDAVMNSAAAKQAANPSAAAAVTVVYNSRNAPTFASQISRSTQIWNSSVSNVRLQSSSSSGTDFSYREGNDPRGSYASTNGHGSGYIFLDYRQNQQYDSIRVAAHETGHVLGLPDHYSGPCSELMSGGGPGTSCTNAYPNAAERARVNSLWANGLAEAASSLGK,0.810502406599922
ATAPSIKSGTILHAWNWSFNTLKHNMKDIHDAGYTAIQTSPINQVKEGNQGDKSMSNWYWLYQPTSYQIGNRYLGTEQEFKEMCAAAHEYGIKVIVDAVMNHTTSDYAAISNEVKSIPNWTHGNTPIKNWSDRWDVTQNSLYGLWDWNTQNTQVQSYLKRFLDRALNDGADGFRFDAAKHIELPDDGSYGSQFWPNITNTSAEFQYGEILQDSVSRDAAYANYMDVTASNYGHSIRSALKNRNLGVSNISHYAIDVSADKLVTWVESHDTYANDDEESTWMSDDDIRLGWAVIASRSGSTPLFFSRPEGGGNGVRFPGKSQIGDRGSALFEDQAITAVNRFHNVMAGQPEELSNPNGNNQIFMNQRGSHGVVLANAGSSSVSINTATKLPDGRYDNKAGAGSFQVNDGKLTGTINARSVAVLYPD,0.810502406599922
YKCKYPGCERVFARHETLKRHEIVHSKDKMYTCKICNRKFVRSTHLNRHVYNNHKPFKCDVCKKGFVRQDKLRLHMKVHA,0.810502406599922
ATAPSIKSGTILHAWNWSFNTLKHNMKDIHDAGYTAIQTSPINQVKEGNQGDKSMSNWYWLYQPTSYQIGNRYLGTEQEFKEMCAAAEEYGIKVIVDAVMNHTTSDYAAISNEVKSIPNWTHGNTPIKNWSDRWDVTQNSLLGLYDWNTQNTQVQSYLKRFLDRALNDGADGFRFDAAKHIELPDDGWYGSQFWPNITNTSAEFQYGEILQDSVSRDAAYANYMDVTASNYGHSIRSALKNRNLGVSNISHYAIDVSADKLVTWVESHDTYANDDEESTWMSDDDIRLGWAVIASRSGSTPLFFSRPEGGGNGVRFPGKSQIGDRGSALFEDQAITAVNRFHNVMAGQPEELSNPNGNNQIFMNQRGSHGVVLANAGSSSVSINTATKLPDGRYDNKAGAGSFQVNDGKLTGTINARSVAVLYPD,0.8065568720261850
ATAPSIKSGTILHAWNWSFNTLKHNMKDIHDAGYTAIQTSPINQVKEGNQGDKSMSNWYWLYQPTSYQIGNRYLGTEQEFKEMCAAAHEYGIKVIVDAVMNHTTSDYAAISNEVKSIPNWTHGNTPIKNWSDRWDVTQNSLLGLYDWNTQNTQVQSYLKRFLDRALNDGADGFRFDAAKHIELPDDGSYGSQFWPNITNTSAEFQYGEILQDSVSRDAAYANYMDITASNYGHSIRSALKNRNLGVSNISHYAIDVSADKLVTWVESHDTYANDDEESTWMSDDDIRLGWAVIASRSGSTPLFFSRPEGGGNGVRFPGKSQIGDRGSALFEDQAITAVNRFHNVMAGQPEELSNPNGNNQIFMNQRGSHGVVLANAGSSSVSINTATKLPDGRYDNKAGAGSFQVNDGKLTGTINARSVAVLYPD,0.7879760969712640
ATAPSIKSGTILHAWNWSFNTLKHNMKDIHDAGYTAIQTSPINQVKEGNQGDKSMSNWYWLYQPTSYQIGNRYLGTEQEFKEMCAAAHEYGIKVIVDAVMNHTTSDYAAISNEVKSIPNWTHGNTPIKNWSDRWDVTQNSLYGLYDWNTQNTQVQSYLKRFLDRALNDGADGFRFDAAKHIELPDDGWYGSMFWPNITNTSAEFQYGEILQDSVSRDAAYANYMDITASNYGHSIRSALKNRNLGVSNISHYAIDVSADKLVTWVESHDTYANDDEESTWMSDDDIRLGWAVIASRSGSTPLFFSRPEGGGNGVRFPGKSQIGDRGSALFEDQAITAVNRFHNVMAGQPEELSNPNGNNQIFMNQRGSHGVVLANAGSSSVSINTATKLPDGRYDNKAGAGSFQVNDGKLTGTINARSVAVLYPD,0.7785339097417290
MRHLRTAIVSALGLGLAAALGTAPAVSAAPSTSTTTSSIAAYNGSGENAAANRAFFDAVVKSVAEKRAANPGIQAVTVTYNASSAPSFRTQIANSAQIWNSSVSNVRLQEGSRADFTYREGNDPRGSYASTNGHGRGFIFLDYRQNQQYNSTRVTTHETGHVLGLPDTYSGPCSELMSGGGPGPSCTNSRPNAQERSRVNQLWQNGLASAVKALPRSTS,0.7785339097417290
MRHLRTAVASAAGLGLVAALGTAPVVAAPASPAAPSVAQSTETVTKAAYTGSAESAAANRAFFDAVLKSVATKRAAAPSLKTVTVTYDASAAPTFAGEIARSTQIWNSSVSNVKLQQGSSGADFTYREGNDPRGSYASTDGHGRGYIFLDYRQNRQYNSTRVTTHETGHVLGLPDSYSGPCSQLMSGGGPGTSCTNAQPNAQERARVNQLWQNGLAQVAR,0.7625204688962
ATAPSIKSGTILHAWNWSFNTLKHNMKDIHDAGYTAIQTSPINQVKEGNQGDKSMSNWYWLYQPTSYQIGNRYLGTEQEFKEMCAAAHEYGIKVIVDAVMNHTTSDYAAISNEVKSIPNWTHGNTPIKNWSDRWDVTQNSLYGLYDWNTQNTQVQSYLKRFLDRALNDGADGFRFDAAKHIELPDDGSYGSMFWPNITNTSAEFQYGEILQDSVSRDAAYANYMDITASNYGHSIRSALKNRNLGVSNISHYAIDVSADKLVTWVESHDTYANDDEESTWMSDDDIRLGWAVIASRSGSTPLFFSRPEGGGNGVRFPGKSQIGDRGSALFEDQAITAVNRFHNVMAGQPEELSNPNGNNQIFMNQRGSHGVVLANAGSSSVSINTATKLPDGRYDNKAGAGSFQVNDGKLTGTINARSVAVLYPD,0.7625204688689620
PYECSECGKAFHRISSLTEHHRIHTGEKPYQWCEDCGMAFSRSSSFIHHQRVHTGEKPYECGECGKSFRLNSHLTVHQRIHT,0.7625204688689620
MHVRTLTGGLAAAPLGLLGLSLVVPTAQAADTSAAATPAAQAVTTATYAASGENAAANRAFFDAVMKSAAEKRAANPSAAAAVTVVYDASQAPSFRTEIVSRGAQIWNASVSNVQLQTGTNADFNYREGNDARGSYASTDGHGRGYIFLDYRQNQQYDSTRVTAHETGHVLGLPDTYSGPCSELMSGGGPGTSCRNARPNAAERSRVEQLWAHGLQAALDKALE,0.7625204688689620
ATAPSIKSGTILHAWNWSFNTLKHNMKDIHDAGYTAIQTSPINQVKEGNQGDKSMSNWYWLYQPTSYQIGNRYLGTEQEFKEMCAAAHEYGIKVIVDAVMNHTTSDYAAISNEVKSIPNWTHGNTPIKNWSDRWDVTQNSLLGLWDWNTQNTQVQSYLKRFLDRALNDGADGFRFDAAKHIELPDDGWYGSMFWPNITNTSAEFQYGEILQDSVSRDAAYANYMDVTASNYGHSIRSALKNRNLGVSNISHYAIDVSADKLVTWVESHDTYANDDEESTWMSDDDIRLGWAVIASRSGSTPLFFSRPEGGGNGVRFPGKSQIGDRGSALFEDQAITAVNRFHNVMAGQPEELSNPNGNNQIFMNQRGSHGVVLANAGSSSVSINTATKLPDGRYDNKAGAGSFQVNDGKLTGTINARSVAVLYPD,0.7516871889707000
ATAPSIKSGTILHAWNWSFNTLKHNMKDIHDAGYTAIQTSPINQVKEGNQGDKSMSNWYWLYQPTSYQIGNRYLGTEQEFKEMCAAAEEYGIKVIVDAVMNHTTSDYAAISNEVKSIPNWTHGNTPIKNWNDRWDVTQNSLLGLYDWNTQNTQVQSYLKRFLDRALNDGADGFRFDAAKHIELPDDGWYGSMFWPNITNTSAEFQYGEILQDSVSRDAAYANYMDITASNYGHSIRSALKNRNLGVSNISHYAIDVSADKLVTWVESHDTYANDDEESTWMSDDDIRLGWAVIASRSGSTPLFFSRPEGGGNGVRFPGKSQIGDRGSALFEDQAITAVNRFHNVMAGQPEELSNPNGNNQIFMNQRGSHGVVLANAGSSSVSINTATKLPDGRYDNKAGAGSFQVNDGKLTGTINARSVAVLYPD,0.7271122643657600
ATAPSIKSGTILHAWNWSFNTLKHNMKDIHDAGYTAIQTSPINQVKEGNQGDKSMSNWYWLYQPTSYQIGNRYLGTEQEFKEMCAAAHEYGIKVIVDAVMNHTTSDYAAISNEVKSIPNWTHGNTPIKNWSDRWDVTQNSLYGLWDWNTQNTQVQSYLKRFLDRALNDGADGFRFDAAKHIELPDDGSYGSQFWPNITNTSAEFQYGEILQDSVSRDAAYANYMDITASNYGHSIRSALKNRNLGVSNISHYAIDVSADKLVTWVESHDTYANDDEESTWMSDDDIRLGWAVIASRSGSTPLFFSRPEGGGNGVRFPGKSQIGDRGSALFEDQAITAVNRFHNVMAGQPEELSNPNGNNQIFMNQRGSHGVVLANAGSSSVSINTATKLPDGRYDNKAGAGSFQVNDGKLTGTINARSVAVLYPD,0.7214979911365710
TDLIQRPRRLRKSPALRAMFEETTLSLNDLVLPIFVEEEIDDYKAVEAMPGVMRIPEKHLAREIERIANAGIRSVMTFGISHHTDETGSDAWREDGLVARMSRICKQTVPEMIVMSDTCFCEYTSHGHCGVLCEHGVDNDATLENLGKQAVVAAAAGADFIAPSAAMDGQVQAIRQALDAAGFKDTAIMSYSTKFASSFYGPFREAAGSALKGDRKSYQMNPMNRREAIRESLLDEAQGADCLMVKPAGAYLDIVRELRERTELPIGAYQVSGEYAMIKFAALAGAIDEEKVVLESLGSIKRAGADLIFSYFALDLAEKKILR,0.7214979911365710
MRHLRTAVATAGLGFAAALGLGTAPVVTAAPAPATPSTPAPSTIAAYNGSGENAAANRAFFDAVLKSVAEKRAAQPGIKAVTVTYSAAGAPSFRTQIANSTQIWNSSVSNVRLQEGSNADFTYREGNDPRGSYASTDGHGRGYIFLDYRQNQQYDSTRVTTHETGHVLGLPDTYSGPCSQLMSGGGPGPSCTNAQPDANERARVNQLWQNGFVARAAADLS,0.7214979911365710
ATAPSIKSGTILHAWNWSFNTLKHNMKDIHDAGYTAIQTSPINQVKEGNQGDKSMSNWYWLYQPTSYQIGNRYLGTEQEFKEMCAAAEEYGIKVIVDAVMNHTTSDYAAISNEVKSIPNWTHGNTPIKNWNDRWDVTQNSLLGLYDWNTQNTQVQSYLKRFLDRALNDGADGFRFDAAKHIELPDDGSYGSMFWPNITNTSAEFQYGEILQDSVSRDAAYANYMDITASNYGHSIRSALKNRNLGVSNISHYAIDVSADKLVTWVESHDTYANDDEESTWMSDDDIRLGWAVIASRSGSTPLFFSRPEGGGNGVRFPGKSQIGDRGSALFEDQAITAVNRFHNVMAGQPEELSNPNGNNQIFMNQRGSHGVVLANAGSSSVSINTATKLPDGRYDNKAGAGSFQVNDGKLTGTINARSVAVLYPD,0.7209876019652060
ATAPSIKSGTILHAWNWSFNTLKHNMKDIHDAGYTAIQTSPINQVKEGNQGDKSMSNWYWLYQPTSYQIGNRYLGTEQEFKEMCAAAEEYGIKVIVDAVMNHTTSDYAAISNEVKSIPNWTHGNTPIKNWSDRWDVTQNSLYGLYDWNTQNTQVQSYLKRFLDRALNDGADGFRFDAAKHIELPDDGWYGSQFWPNITNTSAEFQYGEILQDSVSRDAAYANYMDVTASNYGHSIRSALKNRNLGVSNISHYAIDVSADKLVTWVESHDTYANDDEESTWMSDDDIRLGWAVIASRSGSTPLFFSRPEGGGNGVRFPGKSQIGDRGSALFEDQAITAVNRFHNVMAGQPEELSNPNGNNQIFMNQRGSHGVVLANAGSSSVSINTATKLPDGRYDNKAGAGSFQVNDGKLTGTINARSVAVLYPD,0.6763663375828380
ATAPSIKSGTILHAWNWSFNTLKHNMKDIHDAGYTAIQTSPINQVKEGNQGDKSMSNWYWLYQPTSYQIGNRYLGTEQEFKEMCAAAEEYGIKVIVDAVMNHTTSDYAAISNEVKSIPNWTHGNTPIKNWSDRWDVTQNSLYGLWDWNTQNTQVQSYLKRFLDRALNDGADGFRFDAAKHIELPDDGWYGSQFWPNITNTSAEFQYGEILQDSVSRDAAYANYMDVTASNYGHSIRSALKNRNLGVSNISHYAIDVSADKLVTWVESHDTYANDDEESTWMSDDDIRLGWAVIASRSGSTPLFFSRPEGGGNGVRFPGKSQIGDRGSALFEDQAITAVNRFHNVMAGQPEELSNPNGNNQIFMNQRGSHGVVLANAGSSSVSINTATKLPDGRYDNKAGAGSFQVNDGKLTGTINARSVAVLYPD,0.6738320100279110
ATAPSIKSGTILHAWNWSFNTLKHNMKDIHDAGYTAIQTSPINQVKEGNQGDKSMSNWYWLYQPTSYQIGNRYLGTEQEFWEMCAAAEEYGIKVIVDAVLNHTTSDYAAISNEVKSIPNWTHGNTPIKNWSDRWDVTQNSLLGLYDWNTQNTQVQSYLKRFLDRALNDGADGFRFDAAKHIELPDDGWYGGQFWPNITNTSAEFQYGEILQDSVSRDAAYANYMDITASNYGHSIRSALKNRNLGVSNISHYAIDVSADKLVTWVESHDTYANDDEESTWMSDDDIRLGWAVIASRSGSTPLFFSRPEGGGNGVRFPGKSQIGDRGSALFEDQAITAVNRFHNVMAGQPEELSNPNGNNQIFMNQRGSHGVVLANAGSSSVSINTATKLPDGRYDNKAGAGSFQVNDGKLTGTINARSVAVLYPD,0.6731991038849840
MRDIERLVAGFKRFQDHYYTSHPDLFGQLSQGQNPQAFVVTCADSRVEPALLTNCEPGELFNLRNITNVLPPFERDDKEHALHASIAFAVEELHVKKIVVLAHSNCGGIRALMQGSDSGEGDLSYVNEWVAIAEPAKQVVRNNYPDLEPDQLRRLCERESIMVSLENLMTFPFIAERVAQGELTIHAWYYNIAKGELLNLNQQTSEMTVIA,0.6731991038849840
ATAPSIKSGTILHAWNWSFNTLKHNMKDIHDAGYTAIQTSPINQVKEGNQGDKSMSNWYWLYQPTSYQIGNRYLGTEQEFWEMCAAAEEYGIKVIVDAVLNHTTSDYAAISNEVKSIPNWTHGNTPIKNWSDRWDVTQNSLYGLYDWNTQNTQVQSYLKRFLDRALNDGADGFRFDAAKHIELPDDGSYGGQFWPNITNTSAEFQYGEILQDSVSRDAAYANYMDITASNYGHSIRSALKNRNLGVSNISHYAIDVSADKLVTWVESHDTYANDDEESTWMSDDDIRLGWAVIASRSGSTPLFFSRPEGGGNGVRFPGKSQIGDRGSALFEDQAITAVNRFHNVMAGQPEELSNPNGNNQIFMNQRGSHGVVLANAGSSSVSINTATKLPDGRYDNKAGAGSFQVNDGKLTGTINARSVAVLYPD,0.5908799142498550
ATAPSIKSGTILHAWNWSFNTLKHNMKDIHDAGYTAIQTSPINQVKEGNQGDKSMSNWYWLYQPTSYQIGNRYLGTEQEFKEMCAAAEEYGIKVIVDAVMNHTTSDYAAISNEVKSIPNWTHGNTPIKNWSDRWDVTQNSLYGLYDWNTQNTQVQSYLKRFLDRALNDGADGFRFDAAKHIELPDDGSYGSQFWPNITNTSAEFQYGEILQDSVSRDAAYANYMDVTASNYGHSIRSALKNRNLGVSNISHYAIDVSADKLVTWVESHDTYANDDEESTWMSDDDIRLGWAVIASRSGSTPLFFSRPEGGGNGVRFPGKSQIGDRGSALFEDQAITAVNRFHNVMAGQPEELSNPNGNNQIFMNQRGSHGVVLANAGSSSVSINTATKLPDGRYDNKAGAGSFQVNDGKLTGTINARSVAVLYPD,0.5882672298517910
ATAPSIKSGTILHAWNWSFNTLKHNMKDIHDAGYTAIQTSPINQVKEGNQGDKSMSNWYWLYQPTSYQIGNRYLGTEQEFKEMCAAAHEYGIKVIVDAVMNHTTSDYAAISNEVKSIPNWTHGNTPIKNWSDRWDVTQNSLYGLYDWNTQNTQVQSYLKRFLDRALNDGADGFRFDAAKHIELPDDGWYGSQFWPNITNTSAEFQYGEILQDSVSRDAAYANYMDVTASNYGHSIRSALKNRNLGVSNISHYAIDVSADKLVTWVESHDTYANDDEESTWMSDDDIRLGWAVIASRSGSTPLFFSRPEGGGNGVRFPGKSQIGDRGSALFEDQAITAVNRFHNVMAGQPEELSNPNGNNQIFMNQRGSHGVVLANAGSSSVSINTATKLPDGRYDNKAGAGSFQVNDGKLTGTINARSVAVLYPD,0.5598530706890960
ATAPSIKSGTILHAWNWSFNTLKHNMKDIHDAGYTAIQTSPINQVKEGNQGDKSMSNWYWLYQPTSYQIGNRYLGTEQEFKEMCAAAHEYGIKVIVDAVMNHTTSDYAAISNEVKSIPNWTHGNTPIKNWNDRWDVTQNSLLGLYDWNTQNTQVQSYLKRFLDRALNDGADGFRFDAAKHIELPDDGWYGSQFWPNITNTSAEFQYGEILQDSVSRDAAYANYMDVTASNYGHSIRSALKNRNLGVSNISHYAIDVSADKLVTWVESHDTYANDDEESTWMSDDDIRLGWAVIASRSGSTPLFFSRPEGGGNGVRFPGKSQIGDRGSALFEDQAITAVNRFHNVMAGQPEELSNPNGNNQIFMNQRGSHGVVLANAGSSSVSINTATKLPDGRYDNKAGAGSFQVNDGKLTGTINARSVAVLYPD,0.5483769297573680
ATAPSIKSGTILHAWNWSFNTLKHNMKDIHDAGYTAIQTSPINQVKEGNQGDKSMSNWYWLYQPTSYQIGNRYLGTEQEFWEMCAAAEEYGIKVIVDAVLNHTTSDYAAISNEVKSIPNWTHGNTPIKNWSDRWDVTQNSLLGLYDWNTQNTQVQSYLKRFLDRALNDGADGFRFDAAKHIELPDDGWYGSQFWPNITNTSAEFQYGEILQDSVSRDAAYANYMDVTASNYGHSIRSALKNRNLGVSNISHYAIDVSADKLVTWVESHDTYANDDEESTWMSDDDIRLGWAVIASRSGSTPLFFSRPEGGGNGVRFPGKSQIGDRGSALFEDQAITAVNRFHNVMAGQPEELSNPNGNNQIFMNQRGSHGVVLANAGSSSVSINTATKLPDGRYDNKAGAGSFQVNDGKLTGTINARSVAVLYPD,0.5132550553753780
ATAPSIKSGTILHAWNWSFNTLKHNMKDIHDAGYTAIQTSPINQVKEGNQGDKSMSNWYWLYQPTSYQIGNRYLGTEQEFKEMCAAAEEYGIKVIVDAVMNHTTSDYAAISNEVKSIPNWTHGNTPIKNWNDRWDVTQNSLLGLYDWNTQNTQVQSYLKRFLDRALNDGADGFRFDAAKHIELPDDGWYGSQFWPNITNTSAEFQYGEILQDSVSRDAAYANYMDVTASNYGHSIRSALKNRNLGVSNISHYAIDVSADKLVTWVESHDTYANDDEESTWMSDDDIRLGWAVIASRSGSTPLFFSRPEGGGNGVRFPGKSQIGDRGSALFEDQAITAVNRFHNVMAGQPEELSNPNGNNQIFMNQRGSHGVVLANAGSSSVSINTATKLPDGRYDNKAGAGSFQVNDGKLTGTINARSVAVLYPD,0.5048197622727130
ATAPSIKSGTILHAWNWSFNTLKHNMKDIHDAGYTAIQTSPINQVKEGNQGDKSMSNWYWLYQPTSYQIGNRYLGTEQEFKEMCAAAHEYGIKVIVDAVMNHTTSDYAAISNEVKSIPNWTHGNTPIKNWSDRWDVTQNSLLGLYDWNTQNTQVQSYLKRFLDRALNDGADGFRFDAAKHIELPDDGSYGSMFWPNITNTSAEFQYGEILQDSVSRDAAYANYMDVTASNYGHSIRSALKNRNLGVSNISHYAIDVSADKLVTWVESHDTYANDDEESTWMSDDDIRLGWAVIASRSGSTPLFFSRPEGGGNGVRFPGKSQIGDRGSALFEDQAITAVNRFHNVMAGQPEELSNPNGNNQIFMNQRGSHGVVLANAGSSSVSINTATKLPDGRYDNKAGAGSFQVNDGKLTGTINARSVAVLYPD,0.4681743584846470
ATAPSIKSGTILHAWNWSFNTLKHNMKDIHDAGYTAIQTSPINQVKEGNQGDKSMSNWYWLYQPTSYQIGNRYLGTEQEFKEMCAAAEEYGIKVIVDAVMNHTTSDYAAISNEVKSIPNWTHGNTPIKNWSDRWDVTQNSLYGLYDWNTQNTQVQSYLKRFLDRALNDGADGFRFDAAKHIELPDDGWYGGQFWPNITNTSAEFQYGEILQDSVSRDAAYANYMDITASNYGHSIRSALKNRNLGVSNISHYAIDVSADKLVTWVESHDTYANDDEESTWMSDDDIRLGWAVIASRSGSTPLFFSRPEGGGNGVRFPGKSQIGDRGSALFEDQAITAVNRFHNVMAGQPEELSNPNGNNQIFMNQRGSHGVVLANAGSSSVSINTATKLPDGRYDNKAGAGSFQVNDGKLTGTINARSVAVLYPD,0.3886870062500900
ATAPSIKSGTILHAWNWSFNTLKHNMKDIHDAGYTAIQTSPINQVKEGNQGDKSMSNWYWLYQPTSYQIGNRYLGTEQEFKEMCAAAEEYGIKVIVDAVLNHTTSDYAAISNEVKSIPNWTHGNTPIKNWSDRWDVTQNSLLGLYDWNTQNTQVQSYLKRFLDRALNDGADGFRFDAAKHIELPDDGWYGGQFWPNITNTSAEFQYGEILQDSVSRDAAYANYMDITASNYGHSIRSALKNRNLGVSNISHYAIDVSADKLVTWVESHDTYANDDEESTWMSDDDIRLGWAVIASRSGSTPLFFSRPEGGGNGVRFPGKSQIGDRGSALFEDQAITAVNRFHNVMAGQPEELSNPNGNNQIFMNQRGSHGVVLANAGSSSVSINTATKLPDGRYDNKAGAGSFQVNDGKLTGTINARSVAVLYPD,0.3851539877929240
MDDIDLLLDNNKHWSQAMQQRDPAFFSRLAGQQSPRYLWIGCSDSRVPANEIVGLLPGEVFVHRNIANLIVHTDLNCLSVIQYAVDVLKVRHVMVVGHYGCGGVQAALRGQRVGLADYWLRHLEDLRHIHGRRLALEPVEADQVNRLCEINVIEQVCNVSRLEVVRAAWQRGQPVSVHGLIYGLHDGVLRNLGASMQGPVNLVAWRKAALRGLWSREQRASPA,0.3637368008343760
ATAPSIKSGTILHAWNWSFNTLKHNMKDIHDAGYTAIQTSPINQVKEGNQGDKSMSNWYWLYQPTSYQIGNRYLGTEQEFWEMCAAAEEYGIKVIVDAVLNHTTSDYAAISNEVKSIPNWTHGNTPIKNWSDRWDVTQNSLLGLYDWNTQNTQVQSYLKRFLDRALNDGADGFRFDAAKHIELPDDGWYGGQFWPNITNTSAEFQYGEILQDSVSRDAAYANYMDVTASNYGHSIRSALKNRNLGVSNISHYAIDVSADKLVTWVESHDTYANDDEESTWMSDDDIRLGWAVIASRSGSTPLFFSRPEGGGNGVRFPGKSQIGDRGSALFEDQAITAVNRFHNVMAGQPEELSNPNGNNQIFMNQRGSHGVVLANAGSSSVSINTATKLPDGRYDNKAGAGSFQVNDGKLTGTINARSVAVLYPD,0.3637368008343760
ATAPSIKSGTILHAWNWSFNTLKHNMKDIHDAGYTAIQTSPINQVKEGNQGDKSMSNWYWLYQPTSYQIGNRYLGTEQEFKEMCAAAEEYGIKVIVDAVLNHTTSDYAAISNEVKSIPNWTHGNTPIKNWSDRWDVTQNSLLGLYDWNTQNTQVQSYLKRFLDRALNDGADGFRFDAAKHIELPDDGSYGGQFWPNITNTSAEFQYGEILQDSVSRDAAYANYMDVTASNYGHSIRSALKNRNLGVSNISHYAIDVSADKLVTWVESHDTYANDDEESTWMSDDDIRLGWAVIASRSGSTPLFFSRPEGGGNGVRFPGKSQIGDRGSALFEDQAITAVNRFHNVMAGQPEELSNPNGNNQIFMNQRGSHGVVLANAGSSSVSINTATKLPDGRYDNKAGAGSFQVNDGKLTGTINARSVAVLYPD,0.2357660394058560
ATAPSIKSGTILHAWNWSFNTLKHNMKDIHDAGYTAIQTSPINQVKEGNQGDKSMSNWYWLYQPTSYQIGNRYLGTEQEFKEMCAAAEEYGIKVIVDAVMNHTTSDYAAISNEVKSIPNWTHGNTPIKNWSDRWDVTQNSLLGLYDWNTQNTQVQSYLKRFLDRALNDGADGFRFDAAKHIELPDDGWYGGQFWPNITNTSAEFQYGEILQDSVSRDAAYANYMDVTASNYGHSIRSALKNRNLGVSNISHYAIDVSADKLVTWVESHDTYANDDEESTWMSDDDIRLGWAVIASRSGSTPLFFSRPEGGGNGVRFPGKSQIGDRGSALFEDQAITAVNRFHNVMAGQPEELSNPNGNNQIFMNQRGSHGVVLANAGSSSVSINTATKLPDGRYDNKAGAGSFQVNDGKLTGTINARSVAVLYPD,0.2128670901122100
ATAPSIKSGTILHAWNWSFNTLKHNMKDIHDAGYTAIQTSPINQVKEGNQGDKSMSNWYWLYQPTSYQIGNRYLGTEQEFWEMCAAAEEYGIKVIVDAVLNHTTSDYAAISNEVKSIPNWTHGNTPIKNWSDRWDVTQNSLYGLYDWNTQNTQVQSYLKRFLDRALNDGADGFRFDAAKHIELPDDGSYGGQFWPNITNTSAEFQYGEILQDSVSRDAAYANYMDVTASNYGHSIRSALKNRNLGVSNISHYAIDVSADKLVTWVESHDTYANDDEESTWMSDDDIRLGWAVIASRSGSTPLFFSRPEGGGNGVRFPGKSQIGDRGSALFEDQAITAVNRFHNVMAGQPEELSNPNGNNQIFMNQRGSHGVVLANAGSSSVSINTATKLPDGRYDNKAGAGSFQVNDGKLTGTINARSVAVLYPD,0.1446262948766100
ATAPSIKSGTILHAWNWSFNTLKHNMKDIHDAGYTAIQTSPINQVKEGNQGDKSMSNWYWLYQPTSYQIGNRYLGTEQEFWEMCAAAEEYGIKVIVDAVLNHTTSDYAAISNEVKSIPNWTHGNTPIKNWSDRWDVTQNSLLGLYDWNTQNTQVQSYLKRFLDRALNDGADGFRFDAAKHIELPDDGSYGGQFWPNITNTSAEFQYGEILQDSVSRDAAYANYMDVTASNYGHSIRSALKNRNLGVSNISHYAIDVSADKLVTWVESHDTYANDDEESTWMSDDDIRLGWAVIASRSGSTPLFFSRPEGGGNGVRFPGKSQIGDRGSALFEDQAITAVNRFHNVMAGQPEELSNPNGNNQIFMNQRGSHGVVLANAGSSSVSINTATKLPDGRYDNKAGAGSFQVNDGKLTGTINARSVAVLYPD,0.1197040166592350
MKKLFEGLLHFQKHFYDNDDQLFSQLKNGQTPRVLLIACTDSRIDPNLITHTMPGDLFVMRNMGNLIPTHGLGGRFSSISAAIEYGLLNLQVEDVIVCGHSDCGAMNALHTHPKLKNLLPVLAAWLKLAEPTQRITAQHPGSTDEEIRHVNIANVLEQMEHLRTYPLVGELLQDGQLRLYGWYYIIETGHIYNYNDNRKAFKLIENEK,0.1197040166592350
ATAPSIKSGTILHAWNWSFNTLKHNMKDIHDAGYTAIQTSPINQVKEGNQGDKSMSNWYWLYQPTSYQIGNRYLGTEQEFKEMCAAAEEYGIKVIVDAVMNHTTSDYAAISNEVKSIPNWTHGNTPIKNWSDRWDVTQNSLLGLYDWNTQNTQVQSYLKRFLDRALNDGADGFRFDAAKHIELPDDGSYGGQFWPNITNTSAEFQYGEILQDSVSRDAAYANYMDVTASNYGHSIRSALKNRNLGVSNISHYAIDVSADKLVTWVESHDTYANDDEESTWMSDDDIRLGWAVIASRSGSTPLFFSRPEGGGNGVRFPGKSQIGDRGSALFEDQAITAVNRFHNVMAGQPEELSNPNGNNQIFMNQRGSHGVVLANAGSSSVSINTATKLPDGRYDNKAGAGSFQVNDGKLTGTINARSVAVLYPD,0.0
ATAPSIKSGTILHAWNWSFNTLKHNMKDIHDAGYTAIQTSPINQVKEGNQGDKSMSNWYWLYQPTSYQIGNRYLGTEQEFKEMCAAAHEYGIKVIVDAVMNHTTSDYAAISNEVKSIPNWTHGNTPIKNWSDRWDVTQNSLYGLWDWNTQNTQVQSYLKRFLDRALNDGADGFRFDAAKHIELPDDGWYGSMFWPNITNTSAEFQYGEILQDSVSRDAAYANYMDITASNYGHSIRSALKNRNLGVSNISHYAIDVSADKLVTWVESHDTYANDDEESTWMSDDDIRLGWAVIASRSGSTPLFFSRPEGGGNGVRFPGKSQIGDRGSALFEDQAITAVNRFHNVMAGQPEELSNPNGNNQIFMNQRGSHGVVLANAGSSSVSINTATKLPDGRYDNKAGAGSFQVNDGKLTGTINARSVAVLYPD,
ATAPSIKSGTILHAWNWSFNTLKHNMKDIHDAGYTAIQTSPINQVKEGNQGDKSMSNWYWLYQPTSYQIGNRYLGTEQEFKEMCAAAHEYGIKVIVDAVMNHTTSDYAAISNEVKSIPNWTHGNTPIKNWSDRWDVTQNSLLGLYDWNTQNTQVQSYLKRFLDRALNDGADGFRFDAAKHIELPDDGWYGSQFWPNITNTSAEFQYGEILQDSVSRDAAYANYMDITASNYGHSIRSALKNRNLGVSNISHYAIDVSADKLVTWVESHDTYANDDEESTWMSDDDIRLGWAVIASRSGSTPLFFSRPEGGGNGVRFPGKSQIGDRGSALFEDQAITAVNRFHNVMAGQPEELSNPNGNNQIFMNQRGSHGVVLANAGSSSVSINTATKLPDGRYDNKAGAGSFQVNDGKLTGTINARSVAVLYPD,
ATAPSIKSGTILHAWNWSFNTLKHNMKDIHDAGYTAIQTSPINQVKEGNQGDKSMSNWYWLYQPTSYQIGNRYLGTEQEFKEMCAAAHEYGIKVIVDAVMNHTTSDYAAISNEVKSIPNWTHGNTPIKNWSDRWDVTQNSLLGLWDWNTQNTQVQSYLKRFLDRALNDGADGFRFDAAKHIELPDDGWYGSMFWPNITNTSAEFQYGEILQDSVSRDAAYANYMDITASNYGHSIRSALKNRNLGVSNISHYAIDVSADKLVTWVESHDTYANDDEESTWMSDDDIRLGWAVIASRSGSTPLFFSRPEGGGNGVRFPGKSQIGDRGSALFEDQAITAVNRFHNVMAGQPEELSNPNGNNQIFMNQRGSHGVVLANAGSSSVSINTATKLPDGRYDNKAGAGSFQVNDGKLTGTINARSVAVLYPD,
ATAPSIKSGTILHAWNWSFNTLKHNMKDIHDAGYTAIQTSPINQVKEGNQGDKSMSNWYWLYQPTSYQIGNRYLGTEQEFKEMCAAAHEYGIKVIVDAVMNHTTSDYAAISNEVKSIPNWTHGNTPIKNWSDRWDVTQNSLLGLWDWNTQNTQVQSYLKRFLDRALNDGADGFRFDAAKHIELPDDGSYGSQFWPNITNTSAEFQYGEILQDSVSRDAAYANYMDVTASNYGHSIRSALKNRNLGVSNISHYAIDVSADKLVTWVESHDTYANDDEESTWMSDDDIRLGWAVIASRSGSTPLFFSRPEGGGNGVRFPGKSQIGDRGSALFEDQAITAVNRFHNVMAGQPEELSNPNGNNQIFMNQRGSHGVVLANAGSSSVSINTATKLPDGRYDNKAGAGSFQVNDGKLTGTINARSVAVLYPD,
ATAPSIKSGTILHAWNWSFNTLKHNMKDIHDAGYTAIQTSPINQVKEGNQGDKSMSNWYWLYQPTSYQIGNRYLGTEQEFKEMCAAAHEYGIKVIVDAVMNHTTSDYAAISNEVKSIPNWTHGNTPIKNWNDRWDVTQNSLLGLYDWNTQNTQVQSYLKRFLDRALNDGADGFRFDAAKHIELPDDGWYGSMFWPNITNTSAEFQYGEILQDSVSRDAAYANYMDVTASNYGHSIRSALKNRNLGVSNISHYAIDVSADKLVTWVESHDTYANDDEESTWMSDDDIRLGWAVIASRSGSTPLFFSRPEGGGNGVRFPGKSQIGDRGSALFEDQAITAVNRFHNVMAGQPEELSNPNGNNQIFMNQRGSHGVVLANAGSSSVSINTATKLPDGRYDNKAGAGSFQVNDGKLTGTINARSVAVLYPD,
ATAPSIKSGTILHAWNWSFNTLKHNMKDIHDAGYTAIQTSPINQVKEGNQGDKSMSNWYWLYQPTSYQIGNRYLGTEQEFKEMCAAAHEYGIKVIVDAVMNHTTSDYAAISNEVKSIPNWTHGNTPIKNWNDRWDVTQNSLLGLYDWNTQNTQVQSYLKRFLDRALNDGADGFRFDAAKHIELPDDGWYGSMFWPNITNTSAEFQYGEILQDSVSRDAAYANYMDITASNYGHSIRSALKNRNLGVSNISHYAIDVSADKLVTWVESHDTYANDDEESTWMSDDDIRLGWAVIASRSGSTPLFFSRPEGGGNGVRFPGKSQIGDRGSALFEDQAITAVNRFHNVMAGQPEELSNPNGNNQIFMNQRGSHGVVLANAGSSSVSINTATKLPDGRYDNKAGAGSFQVNDGKLTGTINARSVAVLYPD,
ATAPSIKSGTILHAWNWSFNTLKHNMKDIHDAGYTAIQTSPINQVKEGNQGDKSMSNWYWLYQPTSYQIGNRYLGTEQEFKEMCAAAHEYGIKVIVDAVMNHTTSDYAAISNEVKSIPNWTHGNTPIKNWNDRWDVTQNSLLGLYDWNTQNTQVQSYLKRFLDRALNDGADGFRFDAAKHIELPDDGSYGSQFWPNITNTSAEFQYGEILQDSVSRDAAYANYMDVTASNYGHSIRSALKNRNLGVSNISHYAIDVSADKLVTWVESHDTYANDDEESTWMSDDDIRLGWAVIASRSGSTPLFFSRPEGGGNGVRFPGKSQIGDRGSALFEDQAITAVNRFHNVMAGQPEELSNPNGNNQIFMNQRGSHGVVLANAGSSSVSINTATKLPDGRYDNKAGAGSFQVNDGKLTGTINARSVAVLYPD,
ATAPSIKSGTILHAWNWSFNTLKHNMKDIHDAGYTAIQTSPINQVKEGNQGDKSMSNWYWLYQPTSYQIGNRYLGTEQEFKEMCAAAHEYGIKVIVDAVMNHTTSDYAAISNEVKSIPNWTHGNTPIKNWNDRWDVTQNSLLGLWDWNTQNTQVQSYLKRFLDRALNDGADGFRFDAAKHIELPDDGSYGSMFWPNITNTSAEFQYGEILQDSVSRDAAYANYMDITASNYGHSIRSALKNRNLGVSNISHYAIDVSADKLVTWVESHDTYANDDEESTWMSDDDIRLGWAVIASRSGSTPLFFSRPEGGGNGVRFPGKSQIGDRGSALFEDQAITAVNRFHNVMAGQPEELSNPNGNNQIFMNQRGSHGVVLANAGSSSVSINTATKLPDGRYDNKAGAGSFQVNDGKLTGTINARSVAVLYPD,
ATAPSIKSGTILHAWNWSFNTLKHNMKDIHDAGYTAIQTSPINQVKEGNQGDKSMSNWYWLYQPTSYQIGNRYLGTEQEFKEMCAAAEEYGIKVIVDAVMNHTTSDYAAISNEVKSIPNWTHGNTPIKNWSDRWDVTQNSLLGLYDWNTQNTQVQSYLKRFLDRALNDGADGFRFDAAKHIELPDDGSYGSMFWPNITNTSAEFQYGEILQDSVSRDAAYANYMDVTASNYGHSIRSALKNRNLGVSNISHYAIDVSADKLVTWVESHDTYANDDEESTWMSDDDIRLGWAVIASRSGSTPLFFSRPEGGGNGVRFPGKSQIGDRGSALFEDQAITAVNRFHNVMAGQPEELSNPNGNNQIFMNQRGSHGVVLANAGSSSVSINTATKLPDGRYDNKAGAGSFQVNDGKLTGTINARSVAVLYPD,
ATAPSIKSGTILHAWNWSFNTLKHNMKDIHDAGYTAIQTSPINQVKEGNQGDKSMSNWYWLYQPTSYQIGNRYLGTEQEFKEMCAAAEEYGIKVIVDAVMNHTTSDYAAISNEVKSIPNWTHGNTPIKNWNDRWDVTQNSLLGLWDWNTQNTQVQSYLKRFLDRALNDGADGFRFDAAKHIELPDDGWYGSMFWPNITNTSAEFQYGEILQDSVSRDAAYANYMDVTASNYGHSIRSALKNRNLGVSNISHYAIDVSADKLVTWVESHDTYANDDEESTWMSDDDIRLGWAVIASRSGSTPLFFSRPEGGGNGVRFPGKSQIGDRGSALFEDQAITAVNRFHNVMAGQPEELSNPNGNNQIFMNQRGSHGVVLANAGSSSVSINTATKLPDGRYDNKAGAGSFQVNDGKLTGTINARSVAVLYPD,
ATAPSIKSGTILHAWNWSFNTLKHNMKDIHDAGYTAIQTSPINQVKEGNQGDKSMSNWYWLYQPTSYQIGNRYLGTEQEFKEMCAAAEEYGIKVIVDAVLNHTTSDYAAISNEVKSIPNWTHGNTPIKNWSDRWDVTQNSLYGLYDWNTQNTQVQSYLKRFLDRALNDGADGFRFDAAKHIELPDDGSYGSQFWPNITNTSAEFQYGEILQDSVSRDAAYANYMDITASNYGHSIRSALKNRNLGVSNISHYAIDVSADKLVTWVESHDTYANDDIESTWMSDDDIRLGWAVIASRSGSTPLFFSRPEGGGNGVRFPGKSQIGDRGSALFEDQAITAVNRFHNVMAGQPEELSNPNGVNQIFMNQRGSHGVVLANAGSSSVSINTATKLPDGRYDNKAGAGSFQVNDGKLTGTINARSVAVLYPD,
ATAPSIKSGTILHAWNWSFNTLKHNMKDIHDAGYTAIQTSPIMQVKEGNQGDKSMSNWYWLYQPTSYHIGNRYLGTEQEFKEMCAAAEEYGIKVIVDAVLNHTTSDYAAISNEVKSIPNWTHGNTPIKNWSDRWDVTQHSLYGLYDWNTQNTQVQSYLKRFLDRALNDGADGFRFDAAKHIELPDDGSYGSQFWPNITNTSAEFQYGEILQDSVSRDAAYANYMDVTASNYGHSIRSALKNRNLGVSNISHYAIDVSADKLVTWVESHDTYANDDEESTWMSDDDIRLGWAVIASRSGSTPLFFSRPEGGGNGVRFPGKSQIGDRGSALFEDQAITAVNRFHNVMAGQPEELSNPNGNNQIFMNQRGSHGVVLANAGSSSVSINTATKLPDGRYDNKAGAGSFQVNDGKLTGTINARSVAVLYPD,